year,month,category,cpi,region,period,estimatedcost,avg_wage
2015,jan,Food at Home,250.441,West,Pre-COVID,350.17,47287.692307692305
2016,jan,Food at Home,249.584,West,Pre-COVID,348.97,48566.92307692308
2017,jan,Food at Home,244.028,West,Pre-COVID,341.2,49716.92307692308
2018,jan,Food at Home,246.729,West,Pre-COVID,344.98,50980.0
2019,jan,Food at Home,249.31,West,Pre-COVID,348.59,
2020,jan,Food at Home,250.901,West,Post-COVID,350.81,55413.07692307692
2021,jan,Food at Home,263.024,West,Post-COVID,367.76,57181.53846153846
2022,jan,Food at Home,284.701,West,Post-COVID,398.07,60580.769230769234
2023,jan,Food at Home,314.531,West,Post-COVID,439.78,64514.61538461538
2024,jan,Food at Home,319.595,West,Post-COVID,446.86,67345.38461538461
2025,jan,Food at Home,327.3,West,Post-COVID,457.63,70388.67695938653
2015,jan,Food Away From Home,246.713,West,Pre-COVID,272.92,47287.692307692305
2016,jan,Food Away From Home,255.149,West,Pre-COVID,282.25,48566.92307692308
2017,jan,Food Away From Home,262.638,West,Pre-COVID,290.53,49716.92307692308
2018,jan,Food Away From Home,271.543,West,Pre-COVID,300.38,50980.0
2019,jan,Food Away From Home,280.922,West,Pre-COVID,310.76,
2020,jan,Food Away From Home,292.149,West,Post-COVID,323.18,55413.07692307692
2021,jan,Food Away From Home,305.392,West,Post-COVID,337.83,57181.53846153846
2022,jan,Food Away From Home,324.676,West,Post-COVID,359.16,60580.769230769234
2023,jan,Food Away From Home,352.467,West,Post-COVID,389.9,64514.61538461538
2024,jan,Food Away From Home,371.193,West,Post-COVID,410.62,67345.38461538461
2025,jan,Food Away From Home,385.849,West,Post-COVID,426.83,70388.67695938653
2015,jan,Energy,214.552,West,Pre-COVID,299.83,47287.692307692305
2016,jan,Energy,218.529,West,Pre-COVID,305.39,48566.92307692308
2017,jan,Energy,228.035,West,Pre-COVID,318.68,49716.92307692308
2018,jan,Energy,244.32,West,Pre-COVID,341.43,50980.0
2019,jan,Energy,248.473,West,Pre-COVID,347.24,
2020,jan,Energy,263.417,West,Post-COVID,368.12,55413.07692307692
2021,jan,Energy,252.23,West,Post-COVID,352.49,57181.53846153846
2022,jan,Energy,328.641,West,Post-COVID,459.27,60580.769230769234
2023,jan,Energy,355.921,West,Post-COVID,497.39,64514.61538461538
2024,jan,Energy,352.784,West,Post-COVID,493.01,67345.38461538461
2025,jan,Energy,343.815,West,Post-COVID,480.48,70388.67695938653
2015,jan,Shelter,282.147,West,Pre-COVID,1524.58,47287.692307692305
2016,jan,Shelter,295.183,West,Pre-COVID,1595.02,48566.92307692308
2017,jan,Shelter,310.723,West,Pre-COVID,1678.99,49716.92307692308
2018,jan,Shelter,324.386,West,Pre-COVID,1752.82,50980.0
2019,jan,Shelter,337.955,West,Pre-COVID,1826.14,
2020,jan,Shelter,351.875,West,Post-COVID,1901.36,55413.07692307692
2021,jan,Shelter,357.04,West,Post-COVID,1929.27,57181.53846153846
2022,jan,Shelter,374.169,West,Post-COVID,2021.82,60580.769230769234
2023,jan,Shelter,403.199,West,Post-COVID,2178.69,64514.61538461538
2024,jan,Shelter,422.948,West,Post-COVID,2285.4,67345.38461538461
2025,jan,Shelter,436.72,West,Post-COVID,2359.82,70388.67695938653
2015,jan,Medical Care,447.286,West,Pre-COVID,418.42,47287.692307692305
2016,jan,Medical Care,460.641,West,Pre-COVID,430.91,48566.92307692308
2017,jan,Medical Care,476.005,West,Pre-COVID,445.28,49716.92307692308
2018,jan,Medical Care,487.607,West,Pre-COVID,456.14,50980.0
2019,jan,Medical Care,502.208,West,Pre-COVID,469.79,
2020,jan,Medical Care,533.905,West,Post-COVID,499.44,55413.07692307692
2021,jan,Medical Care,539.245,West,Post-COVID,504.44,57181.53846153846
2022,jan,Medical Care,555.913,West,Post-COVID,520.03,60580.769230769234
2023,jan,Medical Care,576.065,West,Post-COVID,538.88,64514.61538461538
2024,jan,Medical Care,599.698,West,Post-COVID,560.99,67345.38461538461
2025,jan,Medical Care,616.645,West,Post-COVID,576.84,70388.67695938653
2015,feb,Food at Home,249.628,West,Pre-COVID,350.17,47287.692307692305
2016,feb,Food at Home,250.045,West,Pre-COVID,350.75,48566.92307692308
2017,feb,Food at Home,245.268,West,Pre-COVID,344.05,49716.92307692308
2018,feb,Food at Home,245.834,West,Pre-COVID,344.84,50980.0
2019,feb,Food at Home,250.208,West,Pre-COVID,350.98,
2020,feb,Food at Home,253.013,West,Post-COVID,354.91,55413.07692307692
2021,feb,Food at Home,263.956,West,Post-COVID,370.27,57181.53846153846
2022,feb,Food at Home,288.722,West,Post-COVID,405.01,60580.769230769234
2023,feb,Food at Home,316.268,West,Post-COVID,443.65,64514.61538461538
2024,feb,Food at Home,319.779,West,Post-COVID,448.57,67345.38461538461
2025,feb,Food at Home,328.066,West,Post-COVID,460.2,70388.67695938653
2015,feb,Food Away From Home,247.524,West,Pre-COVID,272.92,47287.692307692305
2016,feb,Food Away From Home,255.841,West,Pre-COVID,282.09,48566.92307692308
2017,feb,Food Away From Home,263.827,West,Pre-COVID,290.89,49716.92307692308
2018,feb,Food Away From Home,272.39,West,Pre-COVID,300.33,50980.0
2019,feb,Food Away From Home,281.872,West,Pre-COVID,310.79,
2020,feb,Food Away From Home,293.38,West,Post-COVID,323.48,55413.07692307692
2021,feb,Food Away From Home,306.955,West,Post-COVID,338.44,57181.53846153846
2022,feb,Food Away From Home,326.611,West,Post-COVID,360.12,60580.769230769234
2023,feb,Food Away From Home,355.544,West,Post-COVID,392.02,64514.61538461538
2024,feb,Food Away From Home,371.29,West,Post-COVID,409.38,67345.38461538461
2025,feb,Food Away From Home,387.421,West,Post-COVID,427.17,70388.67695938653
2015,feb,Energy,220.63,West,Pre-COVID,299.83,47287.692307692305
2016,feb,Energy,205.191,West,Pre-COVID,278.85,48566.92307692308
2017,feb,Energy,230.081,West,Pre-COVID,312.68,49716.92307692308
2018,feb,Energy,249.957,West,Pre-COVID,339.69,50980.0
2019,feb,Energy,244.834,West,Pre-COVID,332.73,
2020,feb,Energy,260.843,West,Post-COVID,354.48,55413.07692307692
2021,feb,Energy,261.331,West,Post-COVID,355.15,57181.53846153846
2022,feb,Energy,331.185,West,Post-COVID,450.08,60580.769230769234
2023,feb,Energy,354.104,West,Post-COVID,481.22,64514.61538461538
2024,feb,Energy,356.324,West,Post-COVID,484.24,67345.38461538461
2025,feb,Energy,354.457,West,Post-COVID,481.7,70388.67695938653
2015,feb,Shelter,283.426,West,Pre-COVID,1524.58,47287.692307692305
2016,feb,Shelter,296.707,West,Pre-COVID,1596.02,48566.92307692308
2017,feb,Shelter,312.523,West,Pre-COVID,1681.1,49716.92307692308
2018,feb,Shelter,325.619,West,Pre-COVID,1751.54,50980.0
2019,feb,Shelter,339.427,West,Pre-COVID,1825.82,
2020,feb,Shelter,353.541,West,Post-COVID,1901.74,55413.07692307692
2021,feb,Shelter,357.67,West,Post-COVID,1923.95,57181.53846153846
2022,feb,Shelter,376.28,West,Post-COVID,2024.06,60580.769230769234
2023,feb,Shelter,406.18,West,Post-COVID,2184.89,64514.61538461538
2024,feb,Shelter,424.77,West,Post-COVID,2284.89,67345.38461538461
2025,feb,Shelter,438.028,West,Post-COVID,2356.21,70388.67695938653
2015,feb,Medical Care,449.719,West,Pre-COVID,418.42,47287.692307692305
2016,feb,Medical Care,466.39,West,Pre-COVID,433.93,48566.92307692308
2017,feb,Medical Care,474.386,West,Pre-COVID,441.37,49716.92307692308
2018,feb,Medical Care,488.655,West,Pre-COVID,454.64,50980.0
2019,feb,Medical Care,502.117,West,Pre-COVID,467.17,
2020,feb,Medical Care,533.413,West,Post-COVID,496.29,55413.07692307692
2021,feb,Medical Care,539.796,West,Post-COVID,502.22,57181.53846153846
2022,feb,Medical Care,561.235,West,Post-COVID,522.17,60580.769230769234
2023,feb,Medical Care,570.411,West,Post-COVID,530.71,64514.61538461538
2024,feb,Medical Care,601.871,West,Post-COVID,559.98,67345.38461538461
2025,feb,Medical Care,619.282,West,Post-COVID,576.18,70388.67695938653
2015,mar,Food at Home,247.781,West,Pre-COVID,350.17,47287.692307692305
2016,mar,Food at Home,247.901,West,Pre-COVID,350.34,48566.92307692308
2017,mar,Food at Home,246.208,West,Pre-COVID,347.94,49716.92307692308
2018,mar,Food at Home,246.683,West,Pre-COVID,348.61,50980.0
2019,mar,Food at Home,250.581,West,Pre-COVID,354.12,
2020,mar,Food at Home,254.483,West,Post-COVID,359.64,55413.07692307692
2021,mar,Food at Home,264.033,West,Post-COVID,373.13,57181.53846153846
2022,mar,Food at Home,293.496,West,Post-COVID,414.77,60580.769230769234
2023,mar,Food at Home,315.503,West,Post-COVID,445.87,64514.61538461538
2024,mar,Food at Home,319.813,West,Post-COVID,451.96,67345.38461538461
2025,mar,Food at Home,330.443,West,Post-COVID,466.99,70388.67695938653
2015,mar,Food Away From Home,248.05,West,Pre-COVID,272.92,47287.692307692305
2016,mar,Food Away From Home,256.275,West,Pre-COVID,281.97,48566.92307692308
2017,mar,Food Away From Home,264.355,West,Pre-COVID,290.86,49716.92307692308
2018,mar,Food Away From Home,273.346,West,Pre-COVID,300.75,50980.0
2019,mar,Food Away From Home,282.618,West,Pre-COVID,310.95,
2020,mar,Food Away From Home,293.552,West,Post-COVID,322.98,55413.07692307692
2021,mar,Food Away From Home,307.658,West,Post-COVID,338.5,57181.53846153846
2022,mar,Food Away From Home,325.535,West,Post-COVID,358.17,60580.769230769234
2023,mar,Food Away From Home,357.253,West,Post-COVID,393.07,64514.61538461538
2024,mar,Food Away From Home,372.804,West,Post-COVID,410.18,67345.38461538461
2025,mar,Food Away From Home,388.758,West,Post-COVID,427.73,70388.67695938653
2015,mar,Energy,241.612,West,Pre-COVID,299.83,47287.692307692305
2016,mar,Energy,210.052,West,Pre-COVID,260.67,48566.92307692308
2017,mar,Energy,234.283,West,Pre-COVID,290.74,49716.92307692308
2018,mar,Energy,252.436,West,Pre-COVID,313.27,50980.0
2019,mar,Energy,251.002,West,Pre-COVID,311.49,
2020,mar,Energy,253.65,West,Post-COVID,314.77,55413.07692307692
2021,mar,Energy,280.792,West,Post-COVID,348.45,57181.53846153846
2022,mar,Energy,374.648,West,Post-COVID,464.93,60580.769230769234
2023,mar,Energy,358.631,West,Post-COVID,445.05,64514.61538461538
2024,mar,Energy,371.03,West,Post-COVID,460.44,67345.38461538461
2025,mar,Energy,354.915,West,Post-COVID,440.44,70388.67695938653
2015,mar,Shelter,284.398,West,Pre-COVID,1524.58,47287.692307692305
2016,mar,Shelter,297.777,West,Pre-COVID,1596.3,48566.92307692308
2017,mar,Shelter,313.379,West,Pre-COVID,1679.94,49716.92307692308
2018,mar,Shelter,326.804,West,Pre-COVID,1751.91,50980.0
2019,mar,Shelter,340.834,West,Pre-COVID,1827.12,
2020,mar,Shelter,353.446,West,Post-COVID,1894.73,55413.07692307692
2021,mar,Shelter,358.434,West,Post-COVID,1921.47,57181.53846153846
2022,mar,Shelter,378.224,West,Post-COVID,2027.56,60580.769230769234
2023,mar,Shelter,409.093,West,Post-COVID,2193.04,64514.61538461538
2024,mar,Shelter,427.898,West,Post-COVID,2293.85,67345.38461538461
2025,mar,Shelter,440.474,West,Post-COVID,2361.27,70388.67695938653
2015,mar,Medical Care,450.675,West,Pre-COVID,418.42,47287.692307692305
2016,mar,Medical Care,464.715,West,Pre-COVID,431.45,48566.92307692308
2017,mar,Medical Care,475.647,West,Pre-COVID,441.6,49716.92307692308
2018,mar,Medical Care,491.089,West,Pre-COVID,455.94,50980.0
2019,mar,Medical Care,503.464,West,Pre-COVID,467.43,
2020,mar,Medical Care,536.698,West,Post-COVID,498.28,55413.07692307692
2021,mar,Medical Care,541.39,West,Post-COVID,502.64,57181.53846153846
2022,mar,Medical Care,562.215,West,Post-COVID,521.97,60580.769230769234
2023,mar,Medical Care,574.691,West,Post-COVID,533.56,64514.61538461538
2024,mar,Medical Care,601.396,West,Post-COVID,558.35,67345.38461538461
2025,mar,Medical Care,628.456,West,Post-COVID,583.47,70388.67695938653
2015,apr,Food at Home,247.676,West,Pre-COVID,350.17,47287.692307692305
2016,apr,Food at Home,247.623,West,Pre-COVID,350.09,48566.92307692308
2017,apr,Food at Home,246.511,West,Pre-COVID,348.52,49716.92307692308
2018,apr,Food at Home,246.843,West,Pre-COVID,348.99,50980.0
2019,apr,Food at Home,250.761,West,Pre-COVID,354.53,
2020,apr,Food at Home,261.197,West,Post-COVID,369.28,55413.07692307692
2021,apr,Food at Home,266.73,West,Post-COVID,377.11,57181.53846153846
2022,apr,Food at Home,296.397,West,Post-COVID,419.05,60580.769230769234
2023,apr,Food at Home,314.637,West,Post-COVID,444.84,64514.61538461538
2024,apr,Food at Home,320.076,West,Post-COVID,452.53,67345.38461538461
2025,apr,Food at Home,329.742,West,Post-COVID,466.19,70388.67695938653
2015,apr,Food Away From Home,248.779,West,Pre-COVID,272.92,47287.692307692305
2016,apr,Food Away From Home,256.965,West,Pre-COVID,281.9,48566.92307692308
2017,apr,Food Away From Home,265.522,West,Pre-COVID,291.28,49716.92307692308
2018,apr,Food Away From Home,274.576,West,Pre-COVID,301.22,50980.0
2019,apr,Food Away From Home,284.01,West,Pre-COVID,311.57,
2020,apr,Food Away From Home,294.153,West,Post-COVID,322.69,55413.07692307692
2021,apr,Food Away From Home,308.522,West,Post-COVID,338.46,57181.53846153846
2022,apr,Food Away From Home,327.934,West,Post-COVID,359.75,60580.769230769234
2023,apr,Food Away From Home,359.175,West,Post-COVID,394.02,64514.61538461538
2024,apr,Food Away From Home,374.678,West,Post-COVID,411.03,67345.38461538461
2025,apr,Food Away From Home,391.126,West,Post-COVID,429.07,70388.67695938653
2015,apr,Energy,238.975,West,Pre-COVID,299.83,47287.692307692305
2016,apr,Energy,220.077,West,Pre-COVID,276.12,48566.92307692308
2017,apr,Energy,237.732,West,Pre-COVID,298.27,49716.92307692308
2018,apr,Energy,263.443,West,Pre-COVID,330.53,50980.0
2019,apr,Energy,272.448,West,Pre-COVID,341.83,
2020,apr,Energy,233.488,West,Post-COVID,292.95,55413.07692307692
2021,apr,Energy,287.601,West,Post-COVID,360.84,57181.53846153846
2022,apr,Energy,378.794,West,Post-COVID,475.26,60580.769230769234
2023,apr,Energy,359.985,West,Post-COVID,451.66,64514.61538461538
2024,apr,Energy,385.035,West,Post-COVID,483.09,67345.38461538461
2025,apr,Energy,363.17,West,Post-COVID,455.66,70388.67695938653
2015,apr,Shelter,285.244,West,Pre-COVID,1524.58,47287.692307692305
2016,apr,Shelter,298.069,West,Pre-COVID,1593.13,48566.92307692308
2017,apr,Shelter,314.096,West,Pre-COVID,1678.79,49716.92307692308
2018,apr,Shelter,327.549,West,Pre-COVID,1750.7,50980.0
2019,apr,Shelter,342.714,West,Pre-COVID,1831.75,
2020,apr,Shelter,354.156,West,Post-COVID,1892.91,55413.07692307692
2021,apr,Shelter,360.206,West,Post-COVID,1925.24,57181.53846153846
2022,apr,Shelter,380.733,West,Post-COVID,2034.96,60580.769230769234
2023,apr,Shelter,409.741,West,Post-COVID,2190.0,64514.61538461538
2024,apr,Shelter,429.234,West,Post-COVID,2294.19,67345.38461538461
2025,apr,Shelter,441.834,West,Post-COVID,2361.53,70388.67695938653
2015,apr,Medical Care,456.01,West,Pre-COVID,418.42,47287.692307692305
2016,apr,Medical Care,466.222,West,Pre-COVID,427.79,48566.92307692308
2017,apr,Medical Care,476.828,West,Pre-COVID,437.52,49716.92307692308
2018,apr,Medical Care,491.184,West,Pre-COVID,450.69,50980.0
2019,apr,Medical Care,507.429,West,Pre-COVID,465.6,
2020,apr,Medical Care,535.571,West,Post-COVID,491.42,55413.07692307692
2021,apr,Medical Care,544.218,West,Post-COVID,499.35,57181.53846153846
2022,apr,Medical Care,563.983,West,Post-COVID,517.49,60580.769230769234
2023,apr,Medical Care,577.995,West,Post-COVID,530.35,64514.61538461538
2024,apr,Medical Care,603.789,West,Post-COVID,554.01,67345.38461538461
2025,apr,Medical Care,630.931,West,Post-COVID,578.92,70388.67695938653
2015,may,Food at Home,247.018,West,Pre-COVID,350.17,47287.692307692305
2016,may,Food at Home,247.094,West,Pre-COVID,350.27,48566.92307692308
2017,may,Food at Home,246.228,West,Pre-COVID,349.05,49716.92307692308
2018,may,Food at Home,246.051,West,Pre-COVID,348.8,50980.0
2019,may,Food at Home,251.223,West,Pre-COVID,356.13,
2020,may,Food at Home,262.813,West,Post-COVID,372.56,55413.07692307692
2021,may,Food at Home,268.142,West,Post-COVID,380.11,57181.53846153846
2022,may,Food at Home,299.993,West,Post-COVID,425.26,60580.769230769234
2023,may,Food at Home,315.105,West,Post-COVID,446.69,64514.61538461538
2024,may,Food at Home,321.106,West,Post-COVID,455.19,67345.38461538461
2025,may,Food at Home,330.088,West,Post-COVID,467.92,70388.67695938653
2015,may,Food Away From Home,249.196,West,Pre-COVID,272.92,47287.692307692305
2016,may,Food Away From Home,257.433,West,Pre-COVID,281.94,48566.92307692308
2017,may,Food Away From Home,265.849,West,Pre-COVID,291.15,49716.92307692308
2018,may,Food Away From Home,275.231,West,Pre-COVID,301.43,50980.0
2019,may,Food Away From Home,284.595,West,Pre-COVID,311.69,
2020,may,Food Away From Home,295.501,West,Post-COVID,323.63,55413.07692307692
2021,may,Food Away From Home,310.095,West,Post-COVID,339.61,57181.53846153846
2022,may,Food Away From Home,331.529,West,Post-COVID,363.09,60580.769230769234
2023,may,Food Away From Home,360.635,West,Post-COVID,394.96,64514.61538461538
2024,may,Food Away From Home,375.619,West,Post-COVID,411.37,67345.38461538461
2025,may,Food Away From Home,392.219,West,Post-COVID,429.55,70388.67695938653
2015,may,Energy,261.834,West,Pre-COVID,299.83,47287.692307692305
2016,may,Energy,228.495,West,Pre-COVID,261.66,48566.92307692308
2017,may,Energy,242.54,West,Pre-COVID,277.74,49716.92307692308
2018,may,Energy,273.252,West,Pre-COVID,312.91,50980.0
2019,may,Energy,284.955,West,Pre-COVID,326.31,
2020,may,Energy,231.664,West,Post-COVID,265.28,55413.07692307692
2021,may,Energy,296.918,West,Post-COVID,340.01,57181.53846153846
2022,may,Energy,390.935,West,Post-COVID,447.67,60580.769230769234
2023,may,Energy,362.956,West,Post-COVID,415.63,64514.61538461538
2024,may,Energy,382.721,West,Post-COVID,438.26,67345.38461538461
2025,may,Energy,365.558,West,Post-COVID,418.61,70388.67695938653
2015,may,Shelter,286.077,West,Pre-COVID,1524.58,47287.692307692305
2016,may,Shelter,299.726,West,Pre-COVID,1597.32,48566.92307692308
2017,may,Shelter,314.833,West,Pre-COVID,1677.83,49716.92307692308
2018,may,Shelter,329.057,West,Pre-COVID,1753.64,50980.0
2019,may,Shelter,343.752,West,Pre-COVID,1831.95,
2020,may,Shelter,354.997,West,Post-COVID,1891.88,55413.07692307692
2021,may,Shelter,361.317,West,Post-COVID,1925.56,57181.53846153846
2022,may,Shelter,382.726,West,Post-COVID,2039.65,60580.769230769234
2023,may,Shelter,411.217,West,Post-COVID,2191.49,64514.61538461538
2024,may,Shelter,430.072,West,Post-COVID,2291.97,67345.38461538461
2025,may,Shelter,443.685,West,Post-COVID,2364.52,70388.67695938653
2015,may,Medical Care,455.768,West,Pre-COVID,418.42,47287.692307692305
2016,may,Medical Care,468.86,West,Pre-COVID,430.44,48566.92307692308
2017,may,Medical Care,476.778,West,Pre-COVID,437.7,49716.92307692308
2018,may,Medical Care,493.298,West,Pre-COVID,452.87,50980.0
2019,may,Medical Care,507.396,West,Pre-COVID,465.81,
2020,may,Medical Care,538.722,West,Post-COVID,494.57,55413.07692307692
2021,may,Medical Care,542.235,West,Post-COVID,497.8,57181.53846153846
2022,may,Medical Care,566.873,West,Post-COVID,520.42,60580.769230769234
2023,may,Medical Care,581.914,West,Post-COVID,534.22,64514.61538461538
2024,may,Medical Care,607.285,West,Post-COVID,557.52,67345.38461538461
2025,may,Medical Care,634.178,West,Post-COVID,582.21,70388.67695938653
2015,jun,Food at Home,247.781,West,Pre-COVID,350.17,47287.692307692305
2016,jun,Food at Home,246.086,West,Pre-COVID,347.77,48566.92307692308
2017,jun,Food at Home,244.962,West,Pre-COVID,346.18,49716.92307692308
2018,jun,Food at Home,244.882,West,Pre-COVID,346.07,50980.0
2019,jun,Food at Home,250.038,West,Pre-COVID,353.36,
2020,jun,Food at Home,264.126,West,Post-COVID,373.27,55413.07692307692
2021,jun,Food at Home,269.676,West,Post-COVID,381.11,57181.53846153846
2022,jun,Food at Home,304.172,West,Post-COVID,429.86,60580.769230769234
2023,jun,Food at Home,316.652,West,Post-COVID,447.5,64514.61538461538
2024,jun,Food at Home,320.676,West,Post-COVID,453.18,67345.38461538461
2025,jun,Food at Home,330.294,West,Post-COVID,466.77,70388.67695938653
2015,jun,Food Away From Home,249.537,West,Pre-COVID,272.92,47287.692307692305
2016,jun,Food Away From Home,258.137,West,Pre-COVID,282.32,48566.92307692308
2017,jun,Food Away From Home,266.125,West,Pre-COVID,291.06,49716.92307692308
2018,jun,Food Away From Home,275.616,West,Pre-COVID,301.44,50980.0
2019,jun,Food Away From Home,284.858,West,Pre-COVID,311.55,
2020,jun,Food Away From Home,298.074,West,Post-COVID,326.0,55413.07692307692
2021,jun,Food Away From Home,312.352,West,Post-COVID,341.62,57181.53846153846
2022,jun,Food Away From Home,336.151,West,Post-COVID,367.65,60580.769230769234
2023,jun,Food Away From Home,360.841,West,Post-COVID,394.65,64514.61538461538
2024,jun,Food Away From Home,377.964,West,Post-COVID,413.38,67345.38461538461
2025,jun,Food Away From Home,393.62,West,Post-COVID,430.5,70388.67695938653
2015,jun,Energy,259.758,West,Pre-COVID,299.83,47287.692307692305
2016,jun,Energy,232.755,West,Pre-COVID,268.66,48566.92307692308
2017,jun,Energy,241.71,West,Pre-COVID,279.0,49716.92307692308
2018,jun,Energy,275.62,West,Pre-COVID,318.14,50980.0
2019,jun,Energy,277.892,West,Pre-COVID,320.77,
2020,jun,Energy,240.961,West,Post-COVID,278.14,55413.07692307692
2021,jun,Energy,301.487,West,Post-COVID,348.0,57181.53846153846
2022,jun,Energy,411.874,West,Post-COVID,475.42,60580.769230769234
2023,jun,Energy,365.261,West,Post-COVID,421.61,64514.61538461538
2024,jun,Energy,368.735,West,Post-COVID,425.62,67345.38461538461
2025,jun,Energy,362.354,West,Post-COVID,418.26,70388.67695938653
2015,jun,Shelter,286.858,West,Pre-COVID,1524.58,47287.692307692305
2016,jun,Shelter,300.867,West,Pre-COVID,1599.04,48566.92307692308
2017,jun,Shelter,315.895,West,Pre-COVID,1678.91,49716.92307692308
2018,jun,Shelter,330.401,West,Pre-COVID,1756.0,50980.0
2019,jun,Shelter,345.131,West,Pre-COVID,1834.29,
2020,jun,Shelter,355.083,West,Post-COVID,1887.18,55413.07692307692
2021,jun,Shelter,362.727,West,Post-COVID,1927.81,57181.53846153846
2022,jun,Shelter,385.252,West,Post-COVID,2047.52,60580.769230769234
2023,jun,Shelter,412.895,West,Post-COVID,2194.44,64514.61538461538
2024,jun,Shelter,429.865,West,Post-COVID,2284.63,67345.38461538461
2025,jun,Shelter,444.457,West,Post-COVID,2362.19,70388.67695938653
2015,jun,Medical Care,453.453,West,Pre-COVID,418.42,47287.692307692305
2016,jun,Medical Care,469.404,West,Pre-COVID,433.14,48566.92307692308
2017,jun,Medical Care,476.913,West,Pre-COVID,440.06,49716.92307692308
2018,jun,Medical Care,496.224,West,Pre-COVID,457.88,50980.0
2019,jun,Medical Care,507.872,West,Pre-COVID,468.63,
2020,jun,Medical Care,540.943,West,Post-COVID,499.15,55413.07692307692
2021,jun,Medical Care,540.688,West,Post-COVID,498.91,57181.53846153846
2022,jun,Medical Care,567.25,West,Post-COVID,523.42,60580.769230769234
2023,jun,Medical Care,580.121,West,Post-COVID,535.3,64514.61538461538
2024,jun,Medical Care,609.095,West,Post-COVID,562.03,67345.38461538461
2025,jun,Medical Care,634.85,West,Post-COVID,585.8,70388.67695938653
2015,jul,Food at Home,249.077,West,Pre-COVID,350.17,47287.692307692305
2016,jul,Food at Home,245.52,West,Pre-COVID,345.17,48566.92307692308
2017,jul,Food at Home,246.141,West,Pre-COVID,346.04,49716.92307692308
2018,jul,Food at Home,246.043,West,Pre-COVID,345.9,50980.0
2019,jul,Food at Home,250.45,West,Pre-COVID,352.1,
2020,jul,Food at Home,261.964,West,Post-COVID,368.28,55413.07692307692
2021,jul,Food at Home,272.502,West,Post-COVID,383.1,57181.53846153846
2022,jul,Food at Home,307.392,West,Post-COVID,432.15,60580.769230769234
2023,jul,Food at Home,317.45,West,Post-COVID,446.29,64514.61538461538
2024,jul,Food at Home,320.604,West,Post-COVID,450.72,67345.38461538461
2025,jul,Food at Home,330.207,West,Post-COVID,464.22,70388.67695938653
2015,jul,Food Away From Home,248.217,West,Pre-COVID,272.92,47287.692307692305
2016,jul,Food Away From Home,258.704,West,Pre-COVID,284.45,48566.92307692308
2017,jul,Food Away From Home,266.577,West,Pre-COVID,293.1,49716.92307692308
2018,jul,Food Away From Home,275.768,West,Pre-COVID,303.21,50980.0
2019,jul,Food Away From Home,285.801,West,Pre-COVID,314.24,
2020,jul,Food Away From Home,300.104,West,Post-COVID,329.97,55413.07692307692
2021,jul,Food Away From Home,315.954,West,Post-COVID,347.39,57181.53846153846
2022,jul,Food Away From Home,337.584,West,Post-COVID,371.18,60580.769230769234
2023,jul,Food Away From Home,361.011,West,Post-COVID,396.93,64514.61538461538
2024,jul,Food Away From Home,378.716,West,Post-COVID,416.4,67345.38461538461
2025,jul,Food Away From Home,393.978,West,Post-COVID,433.18,70388.67695938653
2015,jul,Energy,265.318,West,Pre-COVID,299.83,47287.692307692305
2016,jul,Energy,232.523,West,Pre-COVID,262.77,48566.92307692308
2017,jul,Energy,237.666,West,Pre-COVID,268.58,49716.92307692308
2018,jul,Energy,273.095,West,Pre-COVID,308.62,50980.0
2019,jul,Energy,272.575,West,Pre-COVID,308.03,
2020,jul,Energy,247.429,West,Post-COVID,279.62,55413.07692307692
2021,jul,Energy,309.105,West,Post-COVID,349.32,57181.53846153846
2022,jul,Energy,397.191,West,Post-COVID,448.86,60580.769230769234
2023,jul,Energy,370.197,West,Post-COVID,418.36,64514.61538461538
2024,jul,Energy,359.673,West,Post-COVID,406.46,67345.38461538461
2025,jul,Energy,358.734,West,Post-COVID,405.4,70388.67695938653
2015,jul,Shelter,288.418,West,Pre-COVID,1524.58,47287.692307692305
2016,jul,Shelter,302.297,West,Pre-COVID,1597.95,48566.92307692308
2017,jul,Shelter,317.46,West,Pre-COVID,1678.1,49716.92307692308
2018,jul,Shelter,331.639,West,Pre-COVID,1753.05,50980.0
2019,jul,Shelter,346.749,West,Pre-COVID,1832.92,
2020,jul,Shelter,356.272,West,Post-COVID,1883.26,55413.07692307692
2021,jul,Shelter,364.668,West,Post-COVID,1927.64,57181.53846153846
2022,jul,Shelter,387.37,West,Post-COVID,2047.65,60580.769230769234
2023,jul,Shelter,413.469,West,Post-COVID,2185.61,64514.61538461538
2024,jul,Shelter,431.089,West,Post-COVID,2278.75,67345.38461538461
2025,jul,Shelter,444.667,West,Post-COVID,2350.52,70388.67695938653
2015,jul,Medical Care,455.089,West,Pre-COVID,418.42,47287.692307692305
2016,jul,Medical Care,469.671,West,Pre-COVID,431.82,48566.92307692308
2017,jul,Medical Care,479.489,West,Pre-COVID,440.85,49716.92307692308
2018,jul,Medical Care,496.037,West,Pre-COVID,456.06,50980.0
2019,jul,Medical Care,509.995,West,Pre-COVID,468.9,
2020,jul,Medical Care,544.125,West,Post-COVID,500.28,55413.07692307692
2021,jul,Medical Care,541.222,West,Post-COVID,497.61,57181.53846153846
2022,jul,Medical Care,568.682,West,Post-COVID,522.86,60580.769230769234
2023,jul,Medical Care,578.175,West,Post-COVID,531.58,64514.61538461538
2024,jul,Medical Care,611.794,West,Post-COVID,562.49,67345.38461538461
2025,jul,Medical Care,645.605,West,Post-COVID,593.58,70388.67695938653
2015,aug,Food at Home,249.825,West,Pre-COVID,350.17,47287.692307692305
2016,aug,Food at Home,244.517,West,Pre-COVID,342.73,48566.92307692308
2017,aug,Food at Home,245.591,West,Pre-COVID,344.23,49716.92307692308
2018,aug,Food at Home,246.873,West,Pre-COVID,346.03,50980.0
2019,aug,Food at Home,249.406,West,Pre-COVID,349.58,
2020,aug,Food at Home,263.762,West,Post-COVID,369.7,55413.07692307692
2021,aug,Food at Home,273.184,West,Post-COVID,382.91,57181.53846153846
2022,aug,Food at Home,309.684,West,Post-COVID,434.07,60580.769230769234
2023,aug,Food at Home,318.756,West,Post-COVID,446.78,64514.61538461538
2024,aug,Food at Home,321.112,West,Post-COVID,450.09,67345.38461538461
2025,aug,Food at Home,330.33,West,Post-COVID,463.01,70388.67695938653
2015,aug,Food Away From Home,249.125,West,Pre-COVID,272.92,47287.692307692305
2016,aug,Food Away From Home,259.267,West,Pre-COVID,284.03,48566.92307692308
2017,aug,Food Away From Home,267.324,West,Pre-COVID,292.85,49716.92307692308
2018,aug,Food Away From Home,276.72,West,Pre-COVID,303.15,50980.0
2019,aug,Food Away From Home,286.485,West,Pre-COVID,313.84,
2020,aug,Food Away From Home,301.748,West,Post-COVID,330.57,55413.07692307692
2021,aug,Food Away From Home,316.242,West,Post-COVID,346.44,57181.53846153846
2022,aug,Food Away From Home,339.446,West,Post-COVID,371.86,60580.769230769234
2023,aug,Food Away From Home,362.061,West,Post-COVID,396.64,64514.61538461538
2024,aug,Food Away From Home,379.477,West,Post-COVID,415.72,67345.38461538461
2025,aug,Food Away From Home,394.767,West,Post-COVID,432.47,70388.67695938653
2015,aug,Energy,258.734,West,Pre-COVID,299.83,47287.692307692305
2016,aug,Energy,227.71,West,Pre-COVID,263.88,48566.92307692308
2017,aug,Energy,240.324,West,Pre-COVID,278.5,49716.92307692308
2018,aug,Energy,272.425,West,Pre-COVID,315.7,50980.0
2019,aug,Energy,266.906,West,Pre-COVID,309.3,
2020,aug,Energy,249.846,West,Post-COVID,289.53,55413.07692307692
2021,aug,Energy,313.1,West,Post-COVID,362.84,57181.53846153846
2022,aug,Energy,375.83,West,Post-COVID,435.53,60580.769230769234
2023,aug,Energy,380.89,West,Post-COVID,441.39,64514.61538461538
2024,aug,Energy,356.605,West,Post-COVID,413.25,67345.38461538461
2025,aug,Energy,359.699,West,Post-COVID,416.84,70388.67695938653
2015,aug,Shelter,289.532,West,Pre-COVID,1524.58,47287.692307692305
2016,aug,Shelter,303.83,West,Pre-COVID,1599.87,48566.92307692308
2017,aug,Shelter,318.929,West,Pre-COVID,1679.38,49716.92307692308
2018,aug,Shelter,332.959,West,Pre-COVID,1753.26,50980.0
2019,aug,Shelter,348.257,West,Pre-COVID,1833.81,
2020,aug,Shelter,356.336,West,Post-COVID,1876.35,55413.07692307692
2021,aug,Shelter,365.599,West,Post-COVID,1925.13,57181.53846153846
2022,aug,Shelter,390.037,West,Post-COVID,2053.81,60580.769230769234
2023,aug,Shelter,414.761,West,Post-COVID,2184.0,64514.61538461538
2024,aug,Shelter,432.345,West,Post-COVID,2276.59,67345.38461538461
2025,aug,Shelter,445.021,West,Post-COVID,2343.34,70388.67695938653
2015,aug,Medical Care,451.436,West,Pre-COVID,418.42,47287.692307692305
2016,aug,Medical Care,472.902,West,Pre-COVID,438.31,48566.92307692308
2017,aug,Medical Care,480.581,West,Pre-COVID,445.43,49716.92307692308
2018,aug,Medical Care,494.151,West,Pre-COVID,458.01,50980.0
2019,aug,Medical Care,513.165,West,Pre-COVID,475.63,
2020,aug,Medical Care,544.247,West,Post-COVID,504.44,55413.07692307692
2021,aug,Medical Care,542.553,West,Post-COVID,502.87,57181.53846153846
2022,aug,Medical Care,575.535,West,Post-COVID,533.44,60580.769230769234
2023,aug,Medical Care,582.797,West,Post-COVID,540.17,64514.61538461538
2024,aug,Medical Care,611.401,West,Post-COVID,566.68,67345.38461538461
2025,aug,Medical Care,644.803,West,Post-COVID,597.64,70388.67695938653
2015,sep,Food at Home,250.337,West,Pre-COVID,350.17,47287.692307692305
2016,sep,Food at Home,244.627,West,Pre-COVID,342.18,48566.92307692308
2017,sep,Food at Home,246.581,West,Pre-COVID,344.91,49716.92307692308
2018,sep,Food at Home,246.457,West,Pre-COVID,344.74,50980.0
2019,sep,Food at Home,250.531,West,Pre-COVID,350.44,
2020,sep,Food at Home,262.926,West,Post-COVID,367.78,55413.07692307692
2021,sep,Food at Home,276.214,West,Post-COVID,386.36,57181.53846153846
2022,sep,Food at Home,311.473,West,Post-COVID,435.68,60580.769230769234
2023,sep,Food at Home,318.187,West,Post-COVID,445.07,64514.61538461538
2024,sep,Food at Home,321.588,West,Post-COVID,449.83,67345.38461538461
2025,sep,Food at Home,,West,Post-COVID,,70388.67695938653
2015,sep,Food Away From Home,252.334,West,Pre-COVID,272.92,47287.692307692305
2016,sep,Food Away From Home,259.616,West,Pre-COVID,280.79,48566.92307692308
2017,sep,Food Away From Home,268.673,West,Pre-COVID,290.59,49716.92307692308
2018,sep,Food Away From Home,277.52,West,Pre-COVID,300.16,50980.0
2019,sep,Food Away From Home,288.102,West,Pre-COVID,311.6,
2020,sep,Food Away From Home,302.893,West,Post-COVID,327.6,55413.07692307692
2021,sep,Food Away From Home,315.983,West,Post-COVID,341.76,57181.53846153846
2022,sep,Food Away From Home,341.18,West,Post-COVID,369.01,60580.769230769234
2023,sep,Food Away From Home,363.488,West,Post-COVID,393.14,64514.61538461538
2024,sep,Food Away From Home,381.086,West,Post-COVID,412.17,67345.38461538461
2025,sep,Food Away From Home,,West,Post-COVID,,70388.67695938653
2015,sep,Energy,242.168,West,Pre-COVID,299.83,47287.692307692305
2016,sep,Energy,230.628,West,Pre-COVID,285.55,48566.92307692308
2017,sep,Energy,248.061,West,Pre-COVID,307.13,49716.92307692308
2018,sep,Energy,271.577,West,Pre-COVID,336.25,50980.0
2019,sep,Energy,268.626,West,Pre-COVID,332.59,
2020,sep,Energy,250.416,West,Post-COVID,310.05,55413.07692307692
2021,sep,Energy,313.295,West,Post-COVID,387.9,57181.53846153846
2022,sep,Energy,376.137,West,Post-COVID,465.7,60580.769230769234
2023,sep,Energy,395.266,West,Post-COVID,489.39,64514.61538461538
2024,sep,Energy,356.844,West,Post-COVID,441.82,67345.38461538461
2025,sep,Energy,,West,Post-COVID,,70388.67695938653
2015,sep,Shelter,290.375,West,Pre-COVID,1524.58,47287.692307692305
2016,sep,Shelter,305.353,West,Pre-COVID,1603.22,48566.92307692308
2017,sep,Shelter,319.659,West,Pre-COVID,1678.34,49716.92307692308
2018,sep,Shelter,333.957,West,Pre-COVID,1753.41,50980.0
2019,sep,Shelter,349.189,West,Pre-COVID,1833.38,
2020,sep,Shelter,356.135,West,Post-COVID,1869.85,55413.07692307692
2021,sep,Shelter,366.78,West,Post-COVID,1925.74,57181.53846153846
2022,sep,Shelter,392.875,West,Post-COVID,2062.75,60580.769230769234
2023,sep,Shelter,416.666,West,Post-COVID,2187.66,64514.61538461538
2024,sep,Shelter,432.115,West,Post-COVID,2268.77,67345.38461538461
2025,sep,Shelter,,West,Post-COVID,,70388.67695938653
2015,sep,Medical Care,451.886,West,Pre-COVID,418.42,47287.692307692305
2016,sep,Medical Care,473.509,West,Pre-COVID,438.44,48566.92307692308
2017,sep,Medical Care,482.243,West,Pre-COVID,446.53,49716.92307692308
2018,sep,Medical Care,495.094,West,Pre-COVID,458.42,50980.0
2019,sep,Medical Care,512.817,West,Pre-COVID,474.83,
2020,sep,Medical Care,543.151,West,Post-COVID,502.92,55413.07692307692
2021,sep,Medical Care,543.062,West,Post-COVID,502.84,57181.53846153846
2022,sep,Medical Care,581.386,West,Post-COVID,538.33,60580.769230769234
2023,sep,Medical Care,590.018,West,Post-COVID,546.32,64514.61538461538
2024,sep,Medical Care,610.44,West,Post-COVID,565.23,67345.38461538461
2025,sep,Medical Care,,West,Post-COVID,,70388.67695938653
2015,oct,Food at Home,251.638,West,Pre-COVID,350.17,47287.692307692305
2016,oct,Food at Home,245.051,West,Pre-COVID,341.0,48566.92307692308
2017,oct,Food at Home,245.094,West,Pre-COVID,341.06,49716.92307692308
2018,oct,Food at Home,247.233,West,Pre-COVID,344.04,50980.0
2019,oct,Food at Home,251.03,West,Pre-COVID,349.32,
2020,oct,Food at Home,263.83,West,Post-COVID,367.13,55413.07692307692
2021,oct,Food at Home,279.212,West,Post-COVID,388.54,57181.53846153846
2022,oct,Food at Home,312.155,West,Post-COVID,434.38,60580.769230769234
2023,oct,Food at Home,319.135,West,Post-COVID,444.09,64514.61538461538
2024,oct,Food at Home,322.551,West,Post-COVID,448.85,67345.38461538461
2025,oct,Food at Home,,West,Post-COVID,,70388.67695938653
2015,oct,Food Away From Home,252.981,West,Pre-COVID,272.92,47287.692307692305
2016,oct,Food Away From Home,260.057,West,Pre-COVID,280.55,48566.92307692308
2017,oct,Food Away From Home,269.251,West,Pre-COVID,290.47,49716.92307692308
2018,oct,Food Away From Home,277.981,West,Pre-COVID,299.89,50980.0
2019,oct,Food Away From Home,288.871,West,Pre-COVID,311.63,
2020,oct,Food Away From Home,303.505,West,Post-COVID,327.42,55413.07692307692
2021,oct,Food Away From Home,318.338,West,Post-COVID,343.42,57181.53846153846
2022,oct,Food Away From Home,345.261,West,Post-COVID,372.47,60580.769230769234
2023,oct,Food Away From Home,365.1,West,Post-COVID,393.87,64514.61538461538
2024,oct,Food Away From Home,382.132,West,Post-COVID,412.25,67345.38461538461
2025,oct,Food Away From Home,,West,Post-COVID,,70388.67695938653
2015,oct,Energy,230.777,West,Pre-COVID,299.83,47287.692307692305
2016,oct,Energy,232.851,West,Pre-COVID,302.53,48566.92307692308
2017,oct,Energy,244.605,West,Pre-COVID,317.8,49716.92307692308
2018,oct,Energy,275.834,West,Pre-COVID,358.37,50980.0
2019,oct,Energy,281.399,West,Pre-COVID,365.6,
2020,oct,Energy,249.409,West,Post-COVID,324.04,55413.07692307692
2021,oct,Energy,318.786,West,Post-COVID,414.18,57181.53846153846
2022,oct,Energy,395.694,West,Post-COVID,514.1,60580.769230769234
2023,oct,Energy,392.724,West,Post-COVID,510.24,64514.61538461538
2024,oct,Energy,353.701,West,Post-COVID,459.54,67345.38461538461
2025,oct,Energy,,West,Post-COVID,,70388.67695938653
2015,oct,Shelter,291.392,West,Pre-COVID,1524.58,47287.692307692305
2016,oct,Shelter,306.763,West,Pre-COVID,1605.01,48566.92307692308
2017,oct,Shelter,321.741,West,Pre-COVID,1683.37,49716.92307692308
2018,oct,Shelter,334.494,West,Pre-COVID,1750.1,50980.0
2019,oct,Shelter,349.802,West,Pre-COVID,1830.19,
2020,oct,Shelter,356.345,West,Post-COVID,1864.42,55413.07692307692
2021,oct,Shelter,368.754,West,Post-COVID,1929.35,57181.53846153846
2022,oct,Shelter,395.367,West,Post-COVID,2068.59,60580.769230769234
2023,oct,Shelter,417.624,West,Post-COVID,2185.04,64514.61538461538
2024,oct,Shelter,432.906,West,Post-COVID,2264.99,67345.38461538461
2025,oct,Shelter,,West,Post-COVID,,70388.67695938653
2015,oct,Medical Care,456.524,West,Pre-COVID,418.42,47287.692307692305
2016,oct,Medical Care,473.706,West,Pre-COVID,434.16,48566.92307692308
2017,oct,Medical Care,483.541,West,Pre-COVID,443.18,49716.92307692308
2018,oct,Medical Care,496.643,West,Pre-COVID,455.19,50980.0
2019,oct,Medical Care,521.163,West,Pre-COVID,477.66,
2020,oct,Medical Care,540.015,West,Post-COVID,494.94,55413.07692307692
2021,oct,Medical Care,546.468,West,Post-COVID,500.85,57181.53846153846
2022,oct,Medical Care,578.273,West,Post-COVID,530.0,60580.769230769234
2023,oct,Medical Care,590.688,West,Post-COVID,541.38,64514.61538461538
2024,oct,Medical Care,612.936,West,Post-COVID,561.77,67345.38461538461
2025,oct,Medical Care,,West,Post-COVID,,70388.67695938653
2015,nov,Food at Home,249.92,West,Pre-COVID,350.17,47287.692307692305
2016,nov,Food at Home,243.396,West,Pre-COVID,341.03,48566.92307692308
2017,nov,Food at Home,244.108,West,Pre-COVID,342.02,49716.92307692308
2018,nov,Food at Home,247.176,West,Pre-COVID,346.32,50980.0
2019,nov,Food at Home,250.35,West,Pre-COVID,350.77,
2020,nov,Food at Home,261.562,West,Post-COVID,366.48,55413.07692307692
2021,nov,Food at Home,281.412,West,Post-COVID,394.29,57181.53846153846
2022,nov,Food at Home,311.536,West,Post-COVID,436.5,60580.769230769234
2023,nov,Food at Home,316.867,West,Post-COVID,443.97,64514.61538461538
2024,nov,Food at Home,322.914,West,Post-COVID,452.44,67345.38461538461
2025,nov,Food at Home,,West,Post-COVID,,70388.67695938653
2015,nov,Food Away From Home,253.577,West,Pre-COVID,272.92,47287.692307692305
2016,nov,Food Away From Home,260.265,West,Pre-COVID,280.11,48566.92307692308
2017,nov,Food Away From Home,269.801,West,Pre-COVID,290.38,49716.92307692308
2018,nov,Food Away From Home,278.829,West,Pre-COVID,300.09,50980.0
2019,nov,Food Away From Home,288.878,West,Pre-COVID,310.91,
2020,nov,Food Away From Home,303.997,West,Post-COVID,327.18,55413.07692307692
2021,nov,Food Away From Home,319.627,West,Post-COVID,344.0,57181.53846153846
2022,nov,Food Away From Home,347.428,West,Post-COVID,373.93,60580.769230769234
2023,nov,Food Away From Home,366.415,West,Post-COVID,394.36,64514.61538461538
2024,nov,Food Away From Home,383.446,West,Post-COVID,412.69,67345.38461538461
2025,nov,Food Away From Home,,West,Post-COVID,,70388.67695938653
2015,nov,Energy,220.716,West,Pre-COVID,299.83,47287.692307692305
2016,nov,Energy,226.655,West,Pre-COVID,307.9,48566.92307692308
2017,nov,Energy,244.002,West,Pre-COVID,331.47,49716.92307692308
2018,nov,Energy,268.239,West,Pre-COVID,364.39,50980.0
2019,nov,Energy,277.542,West,Pre-COVID,377.03,
2020,nov,Energy,246.044,West,Post-COVID,334.24,55413.07692307692
2021,nov,Energy,323.732,West,Post-COVID,439.78,57181.53846153846
2022,nov,Energy,371.342,West,Post-COVID,504.45,60580.769230769234
2023,nov,Energy,369.686,West,Post-COVID,502.2,64514.61538461538
2024,nov,Energy,345.788,West,Post-COVID,469.74,67345.38461538461
2025,nov,Energy,,West,Post-COVID,,70388.67695938653
2015,nov,Shelter,292.216,West,Pre-COVID,1524.58,47287.692307692305
2016,nov,Shelter,307.505,West,Pre-COVID,1604.35,48566.92307692308
2017,nov,Shelter,321.991,West,Pre-COVID,1679.93,49716.92307692308
2018,nov,Shelter,335.387,West,Pre-COVID,1749.82,50980.0
2019,nov,Shelter,350.397,West,Pre-COVID,1828.13,
2020,nov,Shelter,356.17,West,Post-COVID,1858.25,55413.07692307692
2021,nov,Shelter,370.626,West,Post-COVID,1933.67,57181.53846153846
2022,nov,Shelter,397.407,West,Post-COVID,2073.4,60580.769230769234
2023,nov,Shelter,419.2,West,Post-COVID,2187.1,64514.61538461538
2024,nov,Shelter,433.778,West,Post-COVID,2263.16,67345.38461538461
2025,nov,Shelter,,West,Post-COVID,,70388.67695938653
2015,nov,Medical Care,458.708,West,Pre-COVID,418.42,47287.692307692305
2016,nov,Medical Care,473.402,West,Pre-COVID,431.82,48566.92307692308
2017,nov,Medical Care,484.696,West,Pre-COVID,442.12,49716.92307692308
2018,nov,Medical Care,498.112,West,Pre-COVID,454.36,50980.0
2019,nov,Medical Care,523.141,West,Pre-COVID,477.19,
2020,nov,Medical Care,539.106,West,Post-COVID,491.75,55413.07692307692
2021,nov,Medical Care,549.444,West,Post-COVID,501.18,57181.53846153846
2022,nov,Medical Care,573.507,West,Post-COVID,523.13,60580.769230769234
2023,nov,Medical Care,594.011,West,Post-COVID,541.84,64514.61538461538
2024,nov,Medical Care,613.36,West,Post-COVID,559.48,67345.38461538461
2025,nov,Medical Care,,West,Post-COVID,,70388.67695938653
2015,dec,Food at Home,248.48,West,Pre-COVID,350.17,47287.692307692305
2016,dec,Food at Home,243.848,West,Pre-COVID,343.64,48566.92307692308
2017,dec,Food at Home,245.42,West,Pre-COVID,345.85,49716.92307692308
2018,dec,Food at Home,248.218,West,Pre-COVID,349.8,50980.0
2019,dec,Food at Home,250.222,West,Pre-COVID,352.62,
2020,dec,Food at Home,263.334,West,Post-COVID,371.1,55413.07692307692
2021,dec,Food at Home,282.075,West,Post-COVID,397.51,57181.53846153846
2022,dec,Food at Home,312.237,West,Post-COVID,440.02,60580.769230769234
2023,dec,Food at Home,316.944,West,Post-COVID,446.65,64514.61538461538
2024,dec,Food at Home,323.397,West,Post-COVID,455.74,67345.38461538461
2025,dec,Food at Home,,West,Post-COVID,,70388.67695938653
2015,dec,Food Away From Home,254.041,West,Pre-COVID,272.92,47287.692307692305
2016,dec,Food Away From Home,260.818,West,Pre-COVID,280.2,48566.92307692308
2017,dec,Food Away From Home,270.154,West,Pre-COVID,290.23,49716.92307692308
2018,dec,Food Away From Home,279.6,West,Pre-COVID,300.37,50980.0
2019,dec,Food Away From Home,289.77,West,Pre-COVID,311.3,
2020,dec,Food Away From Home,304.699,West,Post-COVID,327.34,55413.07692307692
2021,dec,Food Away From Home,321.369,West,Post-COVID,345.25,57181.53846153846
2022,dec,Food Away From Home,348.953,West,Post-COVID,374.88,60580.769230769234
2023,dec,Food Away From Home,368.744,West,Post-COVID,396.14,64514.61538461538
2024,dec,Food Away From Home,384.652,West,Post-COVID,413.23,67345.38461538461
2025,dec,Food Away From Home,,West,Post-COVID,,70388.67695938653
2015,dec,Energy,217.214,West,Pre-COVID,299.83,47287.692307692305
2016,dec,Energy,222.722,West,Pre-COVID,307.44,48566.92307692308
2017,dec,Energy,241.328,West,Pre-COVID,333.12,49716.92307692308
2018,dec,Energy,257.96,West,Pre-COVID,356.08,50980.0
2019,dec,Energy,266.687,West,Pre-COVID,368.12,
2020,dec,Energy,246.618,West,Post-COVID,340.42,55413.07692307692
2021,dec,Energy,323.449,West,Post-COVID,446.48,57181.53846153846
2022,dec,Energy,341.756,West,Post-COVID,471.75,60580.769230769234
2023,dec,Energy,353.908,West,Post-COVID,488.52,64514.61538461538
2024,dec,Energy,341.413,West,Post-COVID,471.27,67345.38461538461
2025,dec,Energy,,West,Post-COVID,,70388.67695938653
2015,dec,Shelter,293.423,West,Pre-COVID,1524.58,47287.692307692305
2016,dec,Shelter,309.296,West,Pre-COVID,1607.06,48566.92307692308
2017,dec,Shelter,323.233,West,Pre-COVID,1679.47,49716.92307692308
2018,dec,Shelter,336.308,West,Pre-COVID,1747.41,50980.0
2019,dec,Shelter,350.777,West,Pre-COVID,1822.59,
2020,dec,Shelter,356.259,West,Post-COVID,1851.07,55413.07692307692
2021,dec,Shelter,372.354,West,Post-COVID,1934.7,57181.53846153846
2022,dec,Shelter,400.578,West,Post-COVID,2081.35,60580.769230769234
2023,dec,Shelter,420.452,West,Post-COVID,2184.61,64514.61538461538
2024,dec,Shelter,434.699,West,Post-COVID,2258.63,67345.38461538461
2025,dec,Shelter,,West,Post-COVID,,70388.67695938653
2015,dec,Medical Care,459.224,West,Pre-COVID,418.42,47287.692307692305
2016,dec,Medical Care,474.889,West,Pre-COVID,432.69,48566.92307692308
2017,dec,Medical Care,484.898,West,Pre-COVID,441.81,49716.92307692308
2018,dec,Medical Care,500.699,West,Pre-COVID,456.21,50980.0
2019,dec,Medical Care,530.506,West,Pre-COVID,483.36,
2020,dec,Medical Care,537.478,West,Post-COVID,489.72,55413.07692307692
2021,dec,Medical Care,548.403,West,Post-COVID,499.67,57181.53846153846
2022,dec,Medical Care,574.202,West,Post-COVID,523.18,60580.769230769234
2023,dec,Medical Care,598.854,West,Post-COVID,545.64,64514.61538461538
2024,dec,Medical Care,613.242,West,Post-COVID,558.75,67345.38461538461
2025,dec,Medical Care,,West,Post-COVID,,70388.67695938653
2015,jan,Food at Home,248.942,Northeast,Pre-COVID,342.08,51403.333333333336
2016,jan,Food at Home,249.096,Northeast,Pre-COVID,342.29,52797.77777777778
2017,jan,Food at Home,244.45,Northeast,Pre-COVID,335.91,53960.0
2018,jan,Food at Home,247.944,Northeast,Pre-COVID,340.71,55435.555555555555
2019,jan,Food at Home,250.946,Northeast,Pre-COVID,344.84,
2020,jan,Food at Home,253.493,Northeast,Post-COVID,348.34,60284.444444444445
2021,jan,Food at Home,260.725,Northeast,Post-COVID,358.27,62467.77777777778
2022,jan,Food at Home,275.323,Northeast,Post-COVID,378.33,65818.88888888889
2023,jan,Food at Home,305.904,Northeast,Post-COVID,420.36,69343.33333333333
2024,jan,Food at Home,309.247,Northeast,Post-COVID,424.95,71988.88888888889
2025,jan,Food at Home,312.813,Northeast,Post-COVID,429.85,75084.4050740352
2015,jan,Food Away From Home,256.799,Northeast,Pre-COVID,266.83,51403.333333333336
2016,jan,Food Away From Home,263.274,Northeast,Pre-COVID,273.56,52797.77777777778
2017,jan,Food Away From Home,269.414,Northeast,Pre-COVID,279.94,53960.0
2018,jan,Food Away From Home,276.724,Northeast,Pre-COVID,287.54,55435.555555555555
2019,jan,Food Away From Home,283.866,Northeast,Pre-COVID,294.96,
2020,jan,Food Away From Home,293.045,Northeast,Post-COVID,304.5,60284.444444444445
2021,jan,Food Away From Home,305.716,Northeast,Post-COVID,317.66,62467.77777777778
2022,jan,Food Away From Home,325.824,Northeast,Post-COVID,338.56,65818.88888888889
2023,jan,Food Away From Home,349.205,Northeast,Post-COVID,362.85,69343.33333333333
2024,jan,Food Away From Home,366.928,Northeast,Post-COVID,381.27,71988.88888888889
2025,jan,Food Away From Home,379.443,Northeast,Post-COVID,394.27,75084.4050740352
2015,jan,Energy,200.653,Northeast,Pre-COVID,292.92,51403.333333333336
2016,jan,Energy,176.949,Northeast,Pre-COVID,258.31,52797.77777777778
2017,jan,Energy,198.426,Northeast,Pre-COVID,289.67,53960.0
2018,jan,Energy,211.791,Northeast,Pre-COVID,309.18,55435.555555555555
2019,jan,Energy,205.512,Northeast,Pre-COVID,300.01,
2020,jan,Energy,212.595,Northeast,Post-COVID,310.35,60284.444444444445
2021,jan,Energy,205.613,Northeast,Post-COVID,300.16,62467.77777777778
2022,jan,Energy,263.647,Northeast,Post-COVID,384.88,65818.88888888889
2023,jan,Energy,293.388,Northeast,Post-COVID,428.29,69343.33333333333
2024,jan,Energy,272.0,Northeast,Post-COVID,397.07,71988.88888888889
2025,jan,Energy,280.42,Northeast,Post-COVID,409.36,75084.4050740352
2015,jan,Shelter,320.295,Northeast,Pre-COVID,1465.83,51403.333333333336
2016,jan,Shelter,328.13,Northeast,Pre-COVID,1501.69,52797.77777777778
2017,jan,Shelter,338.518,Northeast,Pre-COVID,1549.23,53960.0
2018,jan,Shelter,345.089,Northeast,Pre-COVID,1579.3,55435.555555555555
2019,jan,Shelter,354.236,Northeast,Pre-COVID,1621.16,
2020,jan,Shelter,362.949,Northeast,Post-COVID,1661.04,60284.444444444445
2021,jan,Shelter,367.5,Northeast,Post-COVID,1681.87,62467.77777777778
2022,jan,Shelter,377.619,Northeast,Post-COVID,1728.18,65818.88888888889
2023,jan,Shelter,399.784,Northeast,Post-COVID,1829.62,69343.33333333333
2024,jan,Shelter,424.528,Northeast,Post-COVID,1942.86,71988.88888888889
2025,jan,Shelter,447.062,Northeast,Post-COVID,2045.98,75084.4050740352
2015,jan,Medical Care,462.132,Northeast,Pre-COVID,412.67,51403.333333333336
2016,jan,Medical Care,473.711,Northeast,Pre-COVID,423.01,52797.77777777778
2017,jan,Medical Care,490.069,Northeast,Pre-COVID,437.61,53960.0
2018,jan,Medical Care,502.715,Northeast,Pre-COVID,448.91,55435.555555555555
2019,jan,Medical Care,512.667,Northeast,Pre-COVID,457.79,
2020,jan,Medical Care,542.206,Northeast,Post-COVID,484.17,60284.444444444445
2021,jan,Medical Care,547.28,Northeast,Post-COVID,488.7,62467.77777777778
2022,jan,Medical Care,558.761,Northeast,Post-COVID,498.95,65818.88888888889
2023,jan,Medical Care,576.98,Northeast,Post-COVID,515.22,69343.33333333333
2024,jan,Medical Care,561.852,Northeast,Post-COVID,501.71,71988.88888888889
2025,jan,Medical Care,578.674,Northeast,Post-COVID,516.73,75084.4050740352
2015,feb,Food at Home,248.881,Northeast,Pre-COVID,342.08,51403.333333333336
2016,feb,Food at Home,248.472,Northeast,Pre-COVID,341.52,52797.77777777778
2017,feb,Food at Home,244.237,Northeast,Pre-COVID,335.7,53960.0
2018,feb,Food at Home,247.881,Northeast,Pre-COVID,340.71,55435.555555555555
2019,feb,Food at Home,250.641,Northeast,Pre-COVID,344.5,
2020,feb,Food at Home,253.418,Northeast,Post-COVID,348.32,60284.444444444445
2021,feb,Food at Home,259.405,Northeast,Post-COVID,356.55,62467.77777777778
2022,feb,Food at Home,280.327,Northeast,Post-COVID,385.31,65818.88888888889
2023,feb,Food at Home,306.838,Northeast,Post-COVID,421.74,69343.33333333333
2024,feb,Food at Home,308.361,Northeast,Post-COVID,423.84,71988.88888888889
2025,feb,Food at Home,313.43,Northeast,Post-COVID,430.8,75084.4050740352
2015,feb,Food Away From Home,257.064,Northeast,Pre-COVID,266.83,51403.333333333336
2016,feb,Food Away From Home,263.547,Northeast,Pre-COVID,273.56,52797.77777777778
2017,feb,Food Away From Home,269.79,Northeast,Pre-COVID,280.04,53960.0
2018,feb,Food Away From Home,277.257,Northeast,Pre-COVID,287.79,55435.555555555555
2019,feb,Food Away From Home,284.393,Northeast,Pre-COVID,295.2,
2020,feb,Food Away From Home,293.687,Northeast,Post-COVID,304.85,60284.444444444445
2021,feb,Food Away From Home,304.423,Northeast,Post-COVID,315.99,62467.77777777778
2022,feb,Food Away From Home,324.347,Northeast,Post-COVID,336.67,65818.88888888889
2023,feb,Food Away From Home,350.401,Northeast,Post-COVID,363.72,69343.33333333333
2024,feb,Food Away From Home,367.438,Northeast,Post-COVID,381.4,71988.88888888889
2025,feb,Food Away From Home,380.69,Northeast,Post-COVID,395.16,75084.4050740352
2015,feb,Energy,200.035,Northeast,Pre-COVID,292.92,51403.333333333336
2016,feb,Energy,170.903,Northeast,Pre-COVID,250.26,52797.77777777778
2017,feb,Energy,197.959,Northeast,Pre-COVID,289.88,53960.0
2018,feb,Energy,215.352,Northeast,Pre-COVID,315.35,55435.555555555555
2019,feb,Energy,206.219,Northeast,Pre-COVID,301.97,
2020,feb,Energy,207.448,Northeast,Post-COVID,303.77,60284.444444444445
2021,feb,Energy,213.744,Northeast,Post-COVID,312.99,62467.77777777778
2022,feb,Energy,264.302,Northeast,Post-COVID,387.02,65818.88888888889
2023,feb,Energy,288.596,Northeast,Post-COVID,422.6,69343.33333333333
2024,feb,Energy,273.665,Northeast,Post-COVID,400.74,71988.88888888889
2025,feb,Energy,283.512,Northeast,Post-COVID,415.15,75084.4050740352
2015,feb,Shelter,321.074,Northeast,Pre-COVID,1465.83,51403.333333333336
2016,feb,Shelter,329.542,Northeast,Pre-COVID,1504.49,52797.77777777778
2017,feb,Shelter,338.649,Northeast,Pre-COVID,1546.07,53960.0
2018,feb,Shelter,345.507,Northeast,Pre-COVID,1577.38,55435.555555555555
2019,feb,Shelter,354.639,Northeast,Pre-COVID,1619.07,
2020,feb,Shelter,364.396,Northeast,Post-COVID,1663.62,60284.444444444445
2021,feb,Shelter,368.06,Northeast,Post-COVID,1680.34,62467.77777777778
2022,feb,Shelter,379.166,Northeast,Post-COVID,1731.05,65818.88888888889
2023,feb,Shelter,402.811,Northeast,Post-COVID,1839.0,69343.33333333333
2024,feb,Shelter,425.974,Northeast,Post-COVID,1944.74,71988.88888888889
2025,feb,Shelter,450.07,Northeast,Post-COVID,2054.75,75084.4050740352
2015,feb,Medical Care,465.554,Northeast,Pre-COVID,412.67,51403.333333333336
2016,feb,Medical Care,478.863,Northeast,Pre-COVID,424.46,52797.77777777778
2017,feb,Medical Care,492.978,Northeast,Pre-COVID,436.98,53960.0
2018,feb,Medical Care,503.759,Northeast,Pre-COVID,446.53,55435.555555555555
2019,feb,Medical Care,513.713,Northeast,Pre-COVID,455.35,
2020,feb,Medical Care,544.627,Northeast,Post-COVID,482.76,60284.444444444445
2021,feb,Medical Care,549.824,Northeast,Post-COVID,487.36,62467.77777777778
2022,feb,Medical Care,559.364,Northeast,Post-COVID,495.82,65818.88888888889
2023,feb,Medical Care,575.275,Northeast,Post-COVID,509.92,69343.33333333333
2024,feb,Medical Care,562.889,Northeast,Post-COVID,498.94,71988.88888888889
2025,feb,Medical Care,583.024,Northeast,Post-COVID,516.79,75084.4050740352
2015,mar,Food at Home,248.385,Northeast,Pre-COVID,342.08,51403.333333333336
2016,mar,Food at Home,246.278,Northeast,Pre-COVID,339.18,52797.77777777778
2017,mar,Food at Home,244.742,Northeast,Pre-COVID,337.07,53960.0
2018,mar,Food at Home,248.406,Northeast,Pre-COVID,342.11,55435.555555555555
2019,mar,Food at Home,251.944,Northeast,Pre-COVID,346.98,
2020,mar,Food at Home,253.922,Northeast,Post-COVID,349.71,60284.444444444445
2021,mar,Food at Home,260.243,Northeast,Post-COVID,358.41,62467.77777777778
2022,mar,Food at Home,282.73,Northeast,Post-COVID,389.38,65818.88888888889
2023,mar,Food at Home,306.434,Northeast,Post-COVID,422.03,69343.33333333333
2024,mar,Food at Home,307.985,Northeast,Post-COVID,424.17,71988.88888888889
2025,mar,Food at Home,314.865,Northeast,Post-COVID,433.64,75084.4050740352
2015,mar,Food Away From Home,257.287,Northeast,Pre-COVID,266.83,51403.333333333336
2016,mar,Food Away From Home,264.313,Northeast,Pre-COVID,274.12,52797.77777777778
2017,mar,Food Away From Home,270.806,Northeast,Pre-COVID,280.85,53960.0
2018,mar,Food Away From Home,276.763,Northeast,Pre-COVID,287.03,55435.555555555555
2019,mar,Food Away From Home,285.104,Northeast,Pre-COVID,295.68,
2020,mar,Food Away From Home,294.219,Northeast,Post-COVID,305.14,60284.444444444445
2021,mar,Food Away From Home,307.319,Northeast,Post-COVID,318.72,62467.77777777778
2022,mar,Food Away From Home,325.521,Northeast,Post-COVID,337.6,65818.88888888889
2023,mar,Food Away From Home,352.173,Northeast,Post-COVID,365.24,69343.33333333333
2024,mar,Food Away From Home,368.267,Northeast,Post-COVID,381.93,71988.88888888889
2025,mar,Food Away From Home,382.235,Northeast,Post-COVID,396.42,75084.4050740352
2015,mar,Energy,202.16,Northeast,Pre-COVID,292.92,51403.333333333336
2016,mar,Energy,174.204,Northeast,Pre-COVID,252.41,52797.77777777778
2017,mar,Energy,195.085,Northeast,Pre-COVID,282.67,53960.0
2018,mar,Energy,213.671,Northeast,Pre-COVID,309.6,55435.555555555555
2019,mar,Energy,211.657,Northeast,Pre-COVID,306.68,
2020,mar,Energy,198.967,Northeast,Post-COVID,288.29,60284.444444444445
2021,mar,Energy,218.736,Northeast,Post-COVID,316.93,62467.77777777778
2022,mar,Energy,293.911,Northeast,Post-COVID,425.86,65818.88888888889
2023,mar,Energy,279.181,Northeast,Post-COVID,404.52,69343.33333333333
2024,mar,Energy,277.32,Northeast,Post-COVID,401.82,71988.88888888889
2025,mar,Energy,280.359,Northeast,Post-COVID,406.22,75084.4050740352
2015,mar,Shelter,321.995,Northeast,Pre-COVID,1465.83,51403.333333333336
2016,mar,Shelter,330.202,Northeast,Pre-COVID,1503.19,52797.77777777778
2017,mar,Shelter,339.146,Northeast,Pre-COVID,1543.91,53960.0
2018,mar,Shelter,347.179,Northeast,Pre-COVID,1580.48,55435.555555555555
2019,mar,Shelter,355.912,Northeast,Pre-COVID,1620.24,
2020,mar,Shelter,365.343,Northeast,Post-COVID,1663.17,60284.444444444445
2021,mar,Shelter,369.937,Northeast,Post-COVID,1684.08,62467.77777777778
2022,mar,Shelter,380.887,Northeast,Post-COVID,1733.93,65818.88888888889
2023,mar,Shelter,404.754,Northeast,Post-COVID,1842.58,69343.33333333333
2024,mar,Shelter,428.807,Northeast,Post-COVID,1952.08,71988.88888888889
2025,mar,Shelter,449.62,Northeast,Post-COVID,2046.83,75084.4050740352
2015,mar,Medical Care,466.218,Northeast,Pre-COVID,412.67,51403.333333333336
2016,mar,Medical Care,479.701,Northeast,Pre-COVID,424.6,52797.77777777778
2017,mar,Medical Care,493.595,Northeast,Pre-COVID,436.9,53960.0
2018,mar,Medical Care,504.112,Northeast,Pre-COVID,446.21,55435.555555555555
2019,mar,Medical Care,518.479,Northeast,Pre-COVID,458.92,
2020,mar,Medical Care,545.933,Northeast,Post-COVID,483.23,60284.444444444445
2021,mar,Medical Care,548.73,Northeast,Post-COVID,485.7,62467.77777777778
2022,mar,Medical Care,563.166,Northeast,Post-COVID,498.48,65818.88888888889
2023,mar,Medical Care,561.165,Northeast,Post-COVID,496.71,69343.33333333333
2024,mar,Medical Care,573.512,Northeast,Post-COVID,507.64,71988.88888888889
2025,mar,Medical Care,582.998,Northeast,Post-COVID,516.03,75084.4050740352
2015,apr,Food at Home,248.741,Northeast,Pre-COVID,342.08,51403.333333333336
2016,apr,Food at Home,247.349,Northeast,Pre-COVID,340.17,52797.77777777778
2017,apr,Food at Home,246.69,Northeast,Pre-COVID,339.26,53960.0
2018,apr,Food at Home,249.436,Northeast,Pre-COVID,343.04,55435.555555555555
2019,apr,Food at Home,249.654,Northeast,Pre-COVID,343.34,
2020,apr,Food at Home,262.18,Northeast,Post-COVID,360.57,60284.444444444445
2021,apr,Food at Home,262.195,Northeast,Post-COVID,360.59,62467.77777777778
2022,apr,Food at Home,286.582,Northeast,Post-COVID,394.12,65818.88888888889
2023,apr,Food at Home,306.734,Northeast,Post-COVID,421.84,69343.33333333333
2024,apr,Food at Home,309.571,Northeast,Post-COVID,425.74,71988.88888888889
2025,apr,Food at Home,312.927,Northeast,Post-COVID,430.36,75084.4050740352
2015,apr,Food Away From Home,257.49,Northeast,Pre-COVID,266.83,51403.333333333336
2016,apr,Food Away From Home,265.001,Northeast,Pre-COVID,274.62,52797.77777777778
2017,apr,Food Away From Home,271.236,Northeast,Pre-COVID,281.08,53960.0
2018,apr,Food Away From Home,278.327,Northeast,Pre-COVID,288.43,55435.555555555555
2019,apr,Food Away From Home,286.052,Northeast,Pre-COVID,296.43,
2020,apr,Food Away From Home,296.492,Northeast,Post-COVID,307.25,60284.444444444445
2021,apr,Food Away From Home,308.751,Northeast,Post-COVID,319.95,62467.77777777778
2022,apr,Food Away From Home,326.649,Northeast,Post-COVID,338.5,65818.88888888889
2023,apr,Food Away From Home,353.192,Northeast,Post-COVID,366.01,69343.33333333333
2024,apr,Food Away From Home,369.423,Northeast,Post-COVID,382.83,71988.88888888889
2025,apr,Food Away From Home,384.341,Northeast,Post-COVID,398.29,75084.4050740352
2015,apr,Energy,200.716,Northeast,Pre-COVID,292.92,51403.333333333336
2016,apr,Energy,182.145,Northeast,Pre-COVID,265.81,52797.77777777778
2017,apr,Energy,198.421,Northeast,Pre-COVID,289.57,53960.0
2018,apr,Energy,217.608,Northeast,Pre-COVID,317.57,55435.555555555555
2019,apr,Energy,217.787,Northeast,Pre-COVID,317.83,
2020,apr,Energy,187.095,Northeast,Post-COVID,273.04,60284.444444444445
2021,apr,Energy,221.008,Northeast,Post-COVID,322.53,62467.77777777778
2022,apr,Energy,294.285,Northeast,Post-COVID,429.47,65818.88888888889
2023,apr,Energy,277.641,Northeast,Post-COVID,405.18,69343.33333333333
2024,apr,Energy,280.986,Northeast,Post-COVID,410.06,71988.88888888889
2025,apr,Energy,280.382,Northeast,Post-COVID,409.18,75084.4050740352
2015,apr,Shelter,322.783,Northeast,Pre-COVID,1465.83,51403.333333333336
2016,apr,Shelter,331.18,Northeast,Pre-COVID,1503.97,52797.77777777778
2017,apr,Shelter,339.91,Northeast,Pre-COVID,1543.61,53960.0
2018,apr,Shelter,348.276,Northeast,Pre-COVID,1581.6,55435.555555555555
2019,apr,Shelter,357.567,Northeast,Pre-COVID,1623.8,
2020,apr,Shelter,365.383,Northeast,Post-COVID,1659.29,60284.444444444445
2021,apr,Shelter,370.994,Northeast,Post-COVID,1684.77,62467.77777777778
2022,apr,Shelter,382.64,Northeast,Post-COVID,1737.66,65818.88888888889
2023,apr,Shelter,406.734,Northeast,Post-COVID,1847.07,69343.33333333333
2024,apr,Shelter,430.231,Northeast,Post-COVID,1953.78,71988.88888888889
2025,apr,Shelter,452.83,Northeast,Post-COVID,2056.41,75084.4050740352
2015,apr,Medical Care,468.386,Northeast,Pre-COVID,412.67,51403.333333333336
2016,apr,Medical Care,482.472,Northeast,Pre-COVID,425.08,52797.77777777778
2017,apr,Medical Care,491.537,Northeast,Pre-COVID,433.06,53960.0
2018,apr,Medical Care,504.859,Northeast,Pre-COVID,444.8,55435.555555555555
2019,apr,Medical Care,519.076,Northeast,Pre-COVID,457.33,
2020,apr,Medical Care,549.33,Northeast,Post-COVID,483.98,60284.444444444445
2021,apr,Medical Care,550.365,Northeast,Post-COVID,484.89,62467.77777777778
2022,apr,Medical Care,568.472,Northeast,Post-COVID,500.85,65818.88888888889
2023,apr,Medical Care,560.352,Northeast,Post-COVID,493.69,69343.33333333333
2024,apr,Medical Care,572.201,Northeast,Post-COVID,504.13,71988.88888888889
2025,apr,Medical Care,584.462,Northeast,Post-COVID,514.93,75084.4050740352
2015,may,Food at Home,248.838,Northeast,Pre-COVID,342.08,51403.333333333336
2016,may,Food at Home,245.302,Northeast,Pre-COVID,337.22,52797.77777777778
2017,may,Food at Home,246.032,Northeast,Pre-COVID,338.23,53960.0
2018,may,Food at Home,248.22,Northeast,Pre-COVID,341.23,55435.555555555555
2019,may,Food at Home,250.646,Northeast,Pre-COVID,344.57,
2020,may,Food at Home,264.135,Northeast,Post-COVID,363.11,60284.444444444445
2021,may,Food at Home,263.165,Northeast,Post-COVID,361.78,62467.77777777778
2022,may,Food at Home,290.648,Northeast,Post-COVID,399.56,65818.88888888889
2023,may,Food at Home,305.619,Northeast,Post-COVID,420.14,69343.33333333333
2024,may,Food at Home,307.711,Northeast,Post-COVID,423.02,71988.88888888889
2025,may,Food at Home,313.569,Northeast,Post-COVID,431.07,75084.4050740352
2015,may,Food Away From Home,258.477,Northeast,Pre-COVID,266.83,51403.333333333336
2016,may,Food Away From Home,265.316,Northeast,Pre-COVID,273.89,52797.77777777778
2017,may,Food Away From Home,271.597,Northeast,Pre-COVID,280.38,53960.0
2018,may,Food Away From Home,280.017,Northeast,Pre-COVID,289.07,55435.555555555555
2019,may,Food Away From Home,286.691,Northeast,Pre-COVID,295.96,
2020,may,Food Away From Home,298.07,Northeast,Post-COVID,307.71,60284.444444444445
2021,may,Food Away From Home,308.774,Northeast,Post-COVID,318.76,62467.77777777778
2022,may,Food Away From Home,328.173,Northeast,Post-COVID,338.78,65818.88888888889
2023,may,Food Away From Home,354.585,Northeast,Post-COVID,366.05,69343.33333333333
2024,may,Food Away From Home,371.911,Northeast,Post-COVID,383.93,71988.88888888889
2025,may,Food Away From Home,385.637,Northeast,Post-COVID,398.1,75084.4050740352
2015,may,Energy,206.175,Northeast,Pre-COVID,292.92,51403.333333333336
2016,may,Energy,186.534,Northeast,Pre-COVID,265.01,52797.77777777778
2017,may,Energy,200.152,Northeast,Pre-COVID,284.36,53960.0
2018,may,Energy,224.829,Northeast,Pre-COVID,319.42,55435.555555555555
2019,may,Energy,219.921,Northeast,Pre-COVID,312.45,
2020,may,Energy,183.663,Northeast,Post-COVID,260.93,60284.444444444445
2021,may,Energy,225.404,Northeast,Post-COVID,320.24,62467.77777777778
2022,may,Energy,316.107,Northeast,Post-COVID,449.1,65818.88888888889
2023,may,Energy,272.659,Northeast,Post-COVID,387.37,69343.33333333333
2024,may,Energy,282.049,Northeast,Post-COVID,400.71,71988.88888888889
2025,may,Energy,280.463,Northeast,Post-COVID,398.46,75084.4050740352
2015,may,Shelter,323.612,Northeast,Pre-COVID,1465.83,51403.333333333336
2016,may,Shelter,332.503,Northeast,Pre-COVID,1506.11,52797.77777777778
2017,may,Shelter,340.473,Northeast,Pre-COVID,1542.21,53960.0
2018,may,Shelter,349.926,Northeast,Pre-COVID,1585.03,55435.555555555555
2019,may,Shelter,358.234,Northeast,Pre-COVID,1622.66,
2020,may,Shelter,365.728,Northeast,Post-COVID,1656.6,60284.444444444445
2021,may,Shelter,372.283,Northeast,Post-COVID,1686.29,62467.77777777778
2022,may,Shelter,384.343,Northeast,Post-COVID,1740.92,65818.88888888889
2023,may,Shelter,408.046,Northeast,Post-COVID,1848.29,69343.33333333333
2024,may,Shelter,433.995,Northeast,Post-COVID,1965.82,71988.88888888889
2025,may,Shelter,454.31,Northeast,Post-COVID,2057.84,75084.4050740352
2015,may,Medical Care,469.261,Northeast,Pre-COVID,412.67,51403.333333333336
2016,may,Medical Care,484.072,Northeast,Pre-COVID,425.69,52797.77777777778
2017,may,Medical Care,491.976,Northeast,Pre-COVID,432.64,53960.0
2018,may,Medical Care,504.921,Northeast,Pre-COVID,444.03,55435.555555555555
2019,may,Medical Care,521.223,Northeast,Pre-COVID,458.36,
2020,may,Medical Care,548.862,Northeast,Post-COVID,482.67,60284.444444444445
2021,may,Medical Care,550.36,Northeast,Post-COVID,483.98,62467.77777777778
2022,may,Medical Care,568.877,Northeast,Post-COVID,500.27,65818.88888888889
2023,may,Medical Care,560.953,Northeast,Post-COVID,493.3,69343.33333333333
2024,may,Medical Care,578.443,Northeast,Post-COVID,508.68,71988.88888888889
2025,may,Medical Care,583.519,Northeast,Post-COVID,513.14,75084.4050740352
2015,jun,Food at Home,249.264,Northeast,Pre-COVID,342.08,51403.333333333336
2016,jun,Food at Home,244.57,Northeast,Pre-COVID,335.64,52797.77777777778
2017,jun,Food at Home,245.729,Northeast,Pre-COVID,337.23,53960.0
2018,jun,Food at Home,248.297,Northeast,Pre-COVID,340.76,55435.555555555555
2019,jun,Food at Home,251.013,Northeast,Pre-COVID,344.48,
2020,jun,Food at Home,263.522,Northeast,Post-COVID,361.65,60284.444444444445
2021,jun,Food at Home,264.804,Northeast,Post-COVID,363.41,62467.77777777778
2022,jun,Food at Home,291.665,Northeast,Post-COVID,400.27,65818.88888888889
2023,jun,Food at Home,305.456,Northeast,Post-COVID,419.2,69343.33333333333
2024,jun,Food at Home,307.891,Northeast,Post-COVID,422.54,71988.88888888889
2025,jun,Food at Home,313.831,Northeast,Post-COVID,430.69,75084.4050740352
2015,jun,Food Away From Home,259.212,Northeast,Pre-COVID,266.83,51403.333333333336
2016,jun,Food Away From Home,266.064,Northeast,Pre-COVID,273.89,52797.77777777778
2017,jun,Food Away From Home,272.129,Northeast,Pre-COVID,280.13,53960.0
2018,jun,Food Away From Home,280.296,Northeast,Pre-COVID,288.54,55435.555555555555
2019,jun,Food Away From Home,288.223,Northeast,Pre-COVID,296.7,
2020,jun,Food Away From Home,299.261,Northeast,Post-COVID,308.06,60284.444444444445
2021,jun,Food Away From Home,309.388,Northeast,Post-COVID,318.48,62467.77777777778
2022,jun,Food Away From Home,331.418,Northeast,Post-COVID,341.16,65818.88888888889
2023,jun,Food Away From Home,356.6,Northeast,Post-COVID,367.08,69343.33333333333
2024,jun,Food Away From Home,373.582,Northeast,Post-COVID,384.57,71988.88888888889
2025,jun,Food Away From Home,386.542,Northeast,Post-COVID,397.91,75084.4050740352
2015,jun,Energy,211.16,Northeast,Pre-COVID,292.92,51403.333333333336
2016,jun,Energy,190.756,Northeast,Pre-COVID,264.61,52797.77777777778
2017,jun,Energy,198.853,Northeast,Pre-COVID,275.84,53960.0
2018,jun,Energy,224.93,Northeast,Pre-COVID,312.02,55435.555555555555
2019,jun,Energy,216.394,Northeast,Pre-COVID,300.18,
2020,jun,Energy,190.948,Northeast,Post-COVID,264.88,60284.444444444445
2021,jun,Energy,231.222,Northeast,Post-COVID,320.75,62467.77777777778
2022,jun,Energy,333.517,Northeast,Post-COVID,462.65,65818.88888888889
2023,jun,Energy,276.781,Northeast,Post-COVID,383.94,69343.33333333333
2024,jun,Energy,282.219,Northeast,Post-COVID,391.49,71988.88888888889
2025,jun,Energy,288.994,Northeast,Post-COVID,400.89,75084.4050740352
2015,jun,Shelter,324.5,Northeast,Pre-COVID,1465.83,51403.333333333336
2016,jun,Shelter,333.809,Northeast,Pre-COVID,1507.88,52797.77777777778
2017,jun,Shelter,340.804,Northeast,Pre-COVID,1539.48,53960.0
2018,jun,Shelter,350.467,Northeast,Pre-COVID,1583.13,55435.555555555555
2019,jun,Shelter,359.255,Northeast,Pre-COVID,1622.83,
2020,jun,Shelter,367.321,Northeast,Post-COVID,1659.26,60284.444444444445
2021,jun,Shelter,375.342,Northeast,Post-COVID,1695.5,62467.77777777778
2022,jun,Shelter,385.575,Northeast,Post-COVID,1741.72,65818.88888888889
2023,jun,Shelter,410.022,Northeast,Post-COVID,1852.15,69343.33333333333
2024,jun,Shelter,436.491,Northeast,Post-COVID,1971.72,71988.88888888889
2025,jun,Shelter,455.626,Northeast,Post-COVID,2058.16,75084.4050740352
2015,jun,Medical Care,467.204,Northeast,Pre-COVID,412.67,51403.333333333336
2016,jun,Medical Care,484.979,Northeast,Pre-COVID,428.37,52797.77777777778
2017,jun,Medical Care,493.415,Northeast,Pre-COVID,435.82,53960.0
2018,jun,Medical Care,504.804,Northeast,Pre-COVID,445.88,55435.555555555555
2019,jun,Medical Care,522.8,Northeast,Pre-COVID,461.77,
2020,jun,Medical Care,552.744,Northeast,Post-COVID,488.22,60284.444444444445
2021,jun,Medical Care,546.769,Northeast,Post-COVID,482.94,62467.77777777778
2022,jun,Medical Care,573.145,Northeast,Post-COVID,506.24,65818.88888888889
2023,jun,Medical Care,558.956,Northeast,Post-COVID,493.71,69343.33333333333
2024,jun,Medical Care,578.651,Northeast,Post-COVID,511.1,71988.88888888889
2025,jun,Medical Care,585.244,Northeast,Post-COVID,516.93,75084.4050740352
2015,jul,Food at Home,248.52,Northeast,Pre-COVID,342.08,51403.333333333336
2016,jul,Food at Home,244.816,Northeast,Pre-COVID,336.98,52797.77777777778
2017,jul,Food at Home,246.937,Northeast,Pre-COVID,339.9,53960.0
2018,jul,Food at Home,249.803,Northeast,Pre-COVID,343.85,55435.555555555555
2019,jul,Food at Home,250.175,Northeast,Pre-COVID,344.36,
2020,jul,Food at Home,261.877,Northeast,Post-COVID,360.47,60284.444444444445
2021,jul,Food at Home,265.218,Northeast,Post-COVID,365.07,62467.77777777778
2022,jul,Food at Home,296.137,Northeast,Post-COVID,407.63,65818.88888888889
2023,jul,Food at Home,306.205,Northeast,Post-COVID,421.49,69343.33333333333
2024,jul,Food at Home,309.0,Northeast,Post-COVID,425.33,71988.88888888889
2025,jul,Food at Home,315.021,Northeast,Post-COVID,433.62,75084.4050740352
2015,jul,Food Away From Home,260.058,Northeast,Pre-COVID,266.83,51403.333333333336
2016,jul,Food Away From Home,266.926,Northeast,Pre-COVID,273.88,52797.77777777778
2017,jul,Food Away From Home,272.847,Northeast,Pre-COVID,279.96,53960.0
2018,jul,Food Away From Home,280.675,Northeast,Pre-COVID,287.99,55435.555555555555
2019,jul,Food Away From Home,288.751,Northeast,Pre-COVID,296.27,
2020,jul,Food Away From Home,299.243,Northeast,Post-COVID,307.04,60284.444444444445
2021,jul,Food Away From Home,311.464,Northeast,Post-COVID,319.58,62467.77777777778
2022,jul,Food Away From Home,334.425,Northeast,Post-COVID,343.14,65818.88888888889
2023,jul,Food Away From Home,357.255,Northeast,Post-COVID,366.56,69343.33333333333
2024,jul,Food Away From Home,373.682,Northeast,Post-COVID,383.42,71988.88888888889
2025,jul,Food Away From Home,388.3,Northeast,Post-COVID,398.42,75084.4050740352
2015,jul,Energy,206.809,Northeast,Pre-COVID,292.92,51403.333333333336
2016,jul,Energy,187.052,Northeast,Pre-COVID,264.93,52797.77777777778
2017,jul,Energy,196.72,Northeast,Pre-COVID,278.63,53960.0
2018,jul,Energy,223.343,Northeast,Pre-COVID,316.33,55435.555555555555
2019,jul,Energy,215.57,Northeast,Pre-COVID,305.33,
2020,jul,Energy,192.472,Northeast,Post-COVID,272.61,60284.444444444445
2021,jul,Energy,232.729,Northeast,Post-COVID,329.63,62467.77777777778
2022,jul,Energy,318.237,Northeast,Post-COVID,450.74,65818.88888888889
2023,jul,Energy,275.009,Northeast,Post-COVID,389.51,69343.33333333333
2024,jul,Energy,285.253,Northeast,Post-COVID,404.02,71988.88888888889
2025,jul,Energy,288.292,Northeast,Post-COVID,408.33,75084.4050740352
2015,jul,Shelter,326.169,Northeast,Pre-COVID,1465.83,51403.333333333336
2016,jul,Shelter,335.313,Northeast,Pre-COVID,1506.93,52797.77777777778
2017,jul,Shelter,341.308,Northeast,Pre-COVID,1533.87,53960.0
2018,jul,Shelter,351.001,Northeast,Pre-COVID,1577.43,55435.555555555555
2019,jul,Shelter,359.887,Northeast,Pre-COVID,1617.37,
2020,jul,Shelter,367.962,Northeast,Post-COVID,1653.65,60284.444444444445
2021,jul,Shelter,376.327,Northeast,Post-COVID,1691.25,62467.77777777778
2022,jul,Shelter,386.621,Northeast,Post-COVID,1737.51,65818.88888888889
2023,jul,Shelter,411.594,Northeast,Post-COVID,1849.74,69343.33333333333
2024,jul,Shelter,437.068,Northeast,Post-COVID,1964.22,71988.88888888889
2025,jul,Shelter,456.9,Northeast,Post-COVID,2053.35,75084.4050740352
2015,jul,Medical Care,467.511,Northeast,Pre-COVID,412.67,51403.333333333336
2016,jul,Medical Care,486.995,Northeast,Pre-COVID,429.86,52797.77777777778
2017,jul,Medical Care,494.618,Northeast,Pre-COVID,436.59,53960.0
2018,jul,Medical Care,504.541,Northeast,Pre-COVID,445.35,55435.555555555555
2019,jul,Medical Care,526.016,Northeast,Pre-COVID,464.31,
2020,jul,Medical Care,554.273,Northeast,Post-COVID,489.25,60284.444444444445
2021,jul,Medical Care,548.685,Northeast,Post-COVID,484.32,62467.77777777778
2022,jul,Medical Care,576.156,Northeast,Post-COVID,508.57,65818.88888888889
2023,jul,Medical Care,559.936,Northeast,Post-COVID,494.25,69343.33333333333
2024,jul,Medical Care,572.336,Northeast,Post-COVID,505.19,71988.88888888889
2025,jul,Medical Care,583.846,Northeast,Post-COVID,515.35,75084.4050740352
2015,aug,Food at Home,249.021,Northeast,Pre-COVID,342.08,51403.333333333336
2016,aug,Food at Home,244.587,Northeast,Pre-COVID,335.99,52797.77777777778
2017,aug,Food at Home,246.165,Northeast,Pre-COVID,338.16,53960.0
2018,aug,Food at Home,250.062,Northeast,Pre-COVID,343.51,55435.555555555555
2019,aug,Food at Home,250.784,Northeast,Pre-COVID,344.51,
2020,aug,Food at Home,260.775,Northeast,Post-COVID,358.23,60284.444444444445
2021,aug,Food at Home,266.563,Northeast,Post-COVID,366.18,62467.77777777778
2022,aug,Food at Home,298.62,Northeast,Post-COVID,410.22,65818.88888888889
2023,aug,Food at Home,305.792,Northeast,Post-COVID,420.07,69343.33333333333
2024,aug,Food at Home,308.935,Northeast,Post-COVID,424.39,71988.88888888889
2025,aug,Food at Home,316.957,Northeast,Post-COVID,435.41,75084.4050740352
2015,aug,Food Away From Home,259.933,Northeast,Pre-COVID,266.83,51403.333333333336
2016,aug,Food Away From Home,267.145,Northeast,Pre-COVID,274.24,52797.77777777778
2017,aug,Food Away From Home,273.329,Northeast,Pre-COVID,280.58,53960.0
2018,aug,Food Away From Home,281.392,Northeast,Pre-COVID,288.86,55435.555555555555
2019,aug,Food Away From Home,289.738,Northeast,Pre-COVID,297.43,
2020,aug,Food Away From Home,299.666,Northeast,Post-COVID,307.62,60284.444444444445
2021,aug,Food Away From Home,313.536,Northeast,Post-COVID,321.86,62467.77777777778
2022,aug,Food Away From Home,335.92,Northeast,Post-COVID,344.84,65818.88888888889
2023,aug,Food Away From Home,359.368,Northeast,Post-COVID,368.91,69343.33333333333
2024,aug,Food Away From Home,374.39,Northeast,Post-COVID,384.33,71988.88888888889
2025,aug,Food Away From Home,388.838,Northeast,Post-COVID,399.16,75084.4050740352
2015,aug,Energy,198.583,Northeast,Pre-COVID,292.92,51403.333333333336
2016,aug,Energy,182.872,Northeast,Pre-COVID,269.74,52797.77777777778
2017,aug,Energy,198.899,Northeast,Pre-COVID,293.38,53960.0
2018,aug,Energy,222.382,Northeast,Pre-COVID,328.02,55435.555555555555
2019,aug,Energy,211.696,Northeast,Pre-COVID,312.26,
2020,aug,Energy,190.904,Northeast,Post-COVID,281.59,60284.444444444445
2021,aug,Energy,235.385,Northeast,Post-COVID,347.2,62467.77777777778
2022,aug,Energy,308.83,Northeast,Post-COVID,455.53,65818.88888888889
2023,aug,Energy,283.238,Northeast,Post-COVID,417.79,69343.33333333333
2024,aug,Energy,279.467,Northeast,Post-COVID,412.22,71988.88888888889
2025,aug,Energy,286.402,Northeast,Post-COVID,422.45,75084.4050740352
2015,aug,Shelter,326.509,Northeast,Pre-COVID,1465.83,51403.333333333336
2016,aug,Shelter,336.263,Northeast,Pre-COVID,1509.62,52797.77777777778
2017,aug,Shelter,343.129,Northeast,Pre-COVID,1540.45,53960.0
2018,aug,Shelter,353.18,Northeast,Pre-COVID,1585.57,55435.555555555555
2019,aug,Shelter,360.222,Northeast,Pre-COVID,1617.18,
2020,aug,Shelter,367.753,Northeast,Post-COVID,1650.99,60284.444444444445
2021,aug,Shelter,375.128,Northeast,Post-COVID,1684.1,62467.77777777778
2022,aug,Shelter,388.91,Northeast,Post-COVID,1745.98,65818.88888888889
2023,aug,Shelter,413.698,Northeast,Post-COVID,1857.26,69343.33333333333
2024,aug,Shelter,439.75,Northeast,Post-COVID,1974.22,71988.88888888889
2025,aug,Shelter,459.071,Northeast,Post-COVID,2060.96,75084.4050740352
2015,aug,Medical Care,468.451,Northeast,Pre-COVID,412.67,51403.333333333336
2016,aug,Medical Care,488.309,Northeast,Pre-COVID,430.16,52797.77777777778
2017,aug,Medical Care,495.072,Northeast,Pre-COVID,436.12,53960.0
2018,aug,Medical Care,505.303,Northeast,Pre-COVID,445.13,55435.555555555555
2019,aug,Medical Care,528.447,Northeast,Pre-COVID,465.52,
2020,aug,Medical Care,551.685,Northeast,Post-COVID,485.99,60284.444444444445
2021,aug,Medical Care,549.119,Northeast,Post-COVID,483.73,62467.77777777778
2022,aug,Medical Care,580.669,Northeast,Post-COVID,511.52,65818.88888888889
2023,aug,Medical Care,558.709,Northeast,Post-COVID,492.18,69343.33333333333
2024,aug,Medical Care,573.346,Northeast,Post-COVID,505.07,71988.88888888889
2025,aug,Medical Care,586.758,Northeast,Post-COVID,516.89,75084.4050740352
2015,sep,Food at Home,249.251,Northeast,Pre-COVID,342.08,51403.333333333336
2016,sep,Food at Home,244.649,Northeast,Pre-COVID,335.77,52797.77777777778
2017,sep,Food at Home,245.539,Northeast,Pre-COVID,336.99,53960.0
2018,sep,Food at Home,250.733,Northeast,Pre-COVID,344.12,55435.555555555555
2019,sep,Food at Home,250.048,Northeast,Pre-COVID,343.18,
2020,sep,Food at Home,260.903,Northeast,Post-COVID,358.08,60284.444444444445
2021,sep,Food at Home,268.88,Northeast,Post-COVID,369.02,62467.77777777778
2022,sep,Food at Home,299.757,Northeast,Post-COVID,411.4,65818.88888888889
2023,sep,Food at Home,306.771,Northeast,Post-COVID,421.03,69343.33333333333
2024,sep,Food at Home,311.03,Northeast,Post-COVID,426.87,71988.88888888889
2025,sep,Food at Home,,Northeast,Post-COVID,,75084.4050740352
2015,sep,Food Away From Home,260.986,Northeast,Pre-COVID,266.83,51403.333333333336
2016,sep,Food Away From Home,267.88,Northeast,Pre-COVID,273.88,52797.77777777778
2017,sep,Food Away From Home,273.88,Northeast,Pre-COVID,280.02,53960.0
2018,sep,Food Away From Home,281.681,Northeast,Pre-COVID,287.99,55435.555555555555
2019,sep,Food Away From Home,290.422,Northeast,Pre-COVID,296.93,
2020,sep,Food Away From Home,300.242,Northeast,Post-COVID,306.97,60284.444444444445
2021,sep,Food Away From Home,316.597,Northeast,Post-COVID,323.69,62467.77777777778
2022,sep,Food Away From Home,340.447,Northeast,Post-COVID,348.07,65818.88888888889
2023,sep,Food Away From Home,360.909,Northeast,Post-COVID,369.0,69343.33333333333
2024,sep,Food Away From Home,375.79,Northeast,Post-COVID,384.21,71988.88888888889
2025,sep,Food Away From Home,,Northeast,Post-COVID,,75084.4050740352
2015,sep,Energy,190.364,Northeast,Pre-COVID,292.92,51403.333333333336
2016,sep,Energy,185.329,Northeast,Pre-COVID,285.17,52797.77777777778
2017,sep,Energy,210.049,Northeast,Pre-COVID,323.21,53960.0
2018,sep,Energy,222.488,Northeast,Pre-COVID,342.35,55435.555555555555
2019,sep,Energy,208.392,Northeast,Pre-COVID,320.66,
2020,sep,Energy,191.582,Northeast,Post-COVID,294.79,60284.444444444445
2021,sep,Energy,238.073,Northeast,Post-COVID,366.33,62467.77777777778
2022,sep,Energy,294.732,Northeast,Post-COVID,453.51,65818.88888888889
2023,sep,Energy,284.786,Northeast,Post-COVID,438.21,69343.33333333333
2024,sep,Energy,273.529,Northeast,Post-COVID,420.88,71988.88888888889
2025,sep,Energy,,Northeast,Post-COVID,,75084.4050740352
2015,sep,Shelter,327.736,Northeast,Pre-COVID,1465.83,51403.333333333336
2016,sep,Shelter,336.165,Northeast,Pre-COVID,1503.53,52797.77777777778
2017,sep,Shelter,342.873,Northeast,Pre-COVID,1533.54,53960.0
2018,sep,Shelter,352.325,Northeast,Pre-COVID,1575.81,55435.555555555555
2019,sep,Shelter,361.023,Northeast,Pre-COVID,1614.71,
2020,sep,Shelter,368.205,Northeast,Post-COVID,1646.84,60284.444444444445
2021,sep,Shelter,375.444,Northeast,Post-COVID,1679.21,62467.77777777778
2022,sep,Shelter,390.895,Northeast,Post-COVID,1748.32,65818.88888888889
2023,sep,Shelter,416.575,Northeast,Post-COVID,1863.17,69343.33333333333
2024,sep,Shelter,441.126,Northeast,Post-COVID,1972.98,71988.88888888889
2025,sep,Shelter,,Northeast,Post-COVID,,75084.4050740352
2015,sep,Medical Care,469.086,Northeast,Pre-COVID,412.67,51403.333333333336
2016,sep,Medical Care,488.584,Northeast,Pre-COVID,429.82,52797.77777777778
2017,sep,Medical Care,496.216,Northeast,Pre-COVID,436.53,53960.0
2018,sep,Medical Care,506.476,Northeast,Pre-COVID,445.56,55435.555555555555
2019,sep,Medical Care,531.412,Northeast,Pre-COVID,467.5,
2020,sep,Medical Care,548.668,Northeast,Post-COVID,482.68,60284.444444444445
2021,sep,Medical Care,549.485,Northeast,Post-COVID,483.4,62467.77777777778
2022,sep,Medical Care,582.964,Northeast,Post-COVID,512.85,65818.88888888889
2023,sep,Medical Care,556.263,Northeast,Post-COVID,489.36,69343.33333333333
2024,sep,Medical Care,572.052,Northeast,Post-COVID,503.25,71988.88888888889
2025,sep,Medical Care,,Northeast,Post-COVID,,75084.4050740352
2015,oct,Food at Home,249.465,Northeast,Pre-COVID,342.08,51403.333333333336
2016,oct,Food at Home,244.455,Northeast,Pre-COVID,335.21,52797.77777777778
2017,oct,Food at Home,247.077,Northeast,Pre-COVID,338.81,53960.0
2018,oct,Food at Home,248.743,Northeast,Pre-COVID,341.09,55435.555555555555
2019,oct,Food at Home,251.386,Northeast,Pre-COVID,344.72,
2020,oct,Food at Home,259.598,Northeast,Post-COVID,355.98,60284.444444444445
2021,oct,Food at Home,270.004,Northeast,Post-COVID,370.25,62467.77777777778
2022,oct,Food at Home,302.019,Northeast,Post-COVID,414.15,65818.88888888889
2023,oct,Food at Home,308.342,Northeast,Post-COVID,422.82,69343.33333333333
2024,oct,Food at Home,309.656,Northeast,Post-COVID,424.62,71988.88888888889
2025,oct,Food at Home,,Northeast,Post-COVID,,75084.4050740352
2015,oct,Food Away From Home,261.198,Northeast,Pre-COVID,266.83,51403.333333333336
2016,oct,Food Away From Home,268.284,Northeast,Pre-COVID,274.07,52797.77777777778
2017,oct,Food Away From Home,274.502,Northeast,Pre-COVID,280.42,53960.0
2018,oct,Food Away From Home,281.948,Northeast,Pre-COVID,288.03,55435.555555555555
2019,oct,Food Away From Home,290.713,Northeast,Pre-COVID,296.99,
2020,oct,Food Away From Home,301.677,Northeast,Post-COVID,308.19,60284.444444444445
2021,oct,Food Away From Home,320.371,Northeast,Post-COVID,327.28,62467.77777777778
2022,oct,Food Away From Home,345.023,Northeast,Post-COVID,352.47,65818.88888888889
2023,oct,Food Away From Home,362.775,Northeast,Post-COVID,370.6,69343.33333333333
2024,oct,Food Away From Home,376.241,Northeast,Post-COVID,384.36,71988.88888888889
2025,oct,Food Away From Home,,Northeast,Post-COVID,,75084.4050740352
2015,oct,Energy,183.436,Northeast,Pre-COVID,292.92,51403.333333333336
2016,oct,Energy,185.717,Northeast,Pre-COVID,296.56,52797.77777777778
2017,oct,Energy,202.61,Northeast,Pre-COVID,323.53,53960.0
2018,oct,Energy,221.078,Northeast,Pre-COVID,353.02,55435.555555555555
2019,oct,Energy,206.786,Northeast,Pre-COVID,330.2,
2020,oct,Energy,189.574,Northeast,Post-COVID,302.72,60284.444444444445
2021,oct,Energy,247.925,Northeast,Post-COVID,395.89,62467.77777777778
2022,oct,Energy,295.557,Northeast,Post-COVID,471.96,65818.88888888889
2023,oct,Energy,278.447,Northeast,Post-COVID,444.63,69343.33333333333
2024,oct,Energy,270.508,Northeast,Post-COVID,431.96,71988.88888888889
2025,oct,Energy,,Northeast,Post-COVID,,75084.4050740352
2015,oct,Shelter,327.847,Northeast,Pre-COVID,1465.83,51403.333333333336
2016,oct,Shelter,337.408,Northeast,Pre-COVID,1508.58,52797.77777777778
2017,oct,Shelter,343.253,Northeast,Pre-COVID,1534.71,53960.0
2018,oct,Shelter,352.035,Northeast,Pre-COVID,1573.98,55435.555555555555
2019,oct,Shelter,359.999,Northeast,Pre-COVID,1609.59,
2020,oct,Shelter,366.774,Northeast,Post-COVID,1639.88,60284.444444444445
2021,oct,Shelter,374.986,Northeast,Post-COVID,1676.6,62467.77777777778
2022,oct,Shelter,392.926,Northeast,Post-COVID,1756.81,65818.88888888889
2023,oct,Shelter,417.687,Northeast,Post-COVID,1867.52,69343.33333333333
2024,oct,Shelter,442.607,Northeast,Post-COVID,1978.94,71988.88888888889
2025,oct,Shelter,,Northeast,Post-COVID,,75084.4050740352
2015,oct,Medical Care,471.457,Northeast,Pre-COVID,412.67,51403.333333333336
2016,oct,Medical Care,488.866,Northeast,Pre-COVID,427.9,52797.77777777778
2017,oct,Medical Care,498.337,Northeast,Pre-COVID,436.19,53960.0
2018,oct,Medical Care,508.049,Northeast,Pre-COVID,444.7,55435.555555555555
2019,oct,Medical Care,535.25,Northeast,Pre-COVID,468.5,
2020,oct,Medical Care,547.497,Northeast,Post-COVID,479.22,60284.444444444445
2021,oct,Medical Care,550.296,Northeast,Post-COVID,481.67,62467.77777777778
2022,oct,Medical Care,579.822,Northeast,Post-COVID,507.52,65818.88888888889
2023,oct,Medical Care,548.512,Northeast,Post-COVID,480.11,69343.33333333333
2024,oct,Medical Care,572.947,Northeast,Post-COVID,501.5,71988.88888888889
2025,oct,Medical Care,,Northeast,Post-COVID,,75084.4050740352
2015,nov,Food at Home,248.12,Northeast,Pre-COVID,342.08,51403.333333333336
2016,nov,Food at Home,243.192,Northeast,Pre-COVID,335.29,52797.77777777778
2017,nov,Food at Home,245.92,Northeast,Pre-COVID,339.05,53960.0
2018,nov,Food at Home,248.204,Northeast,Pre-COVID,342.2,55435.555555555555
2019,nov,Food at Home,251.867,Northeast,Pre-COVID,347.25,
2020,nov,Food at Home,258.979,Northeast,Post-COVID,357.05,60284.444444444445
2021,nov,Food at Home,271.905,Northeast,Post-COVID,374.88,62467.77777777778
2022,nov,Food at Home,302.349,Northeast,Post-COVID,416.85,65818.88888888889
2023,nov,Food at Home,306.717,Northeast,Post-COVID,422.87,69343.33333333333
2024,nov,Food at Home,309.891,Northeast,Post-COVID,427.25,71988.88888888889
2025,nov,Food at Home,,Northeast,Post-COVID,,75084.4050740352
2015,nov,Food Away From Home,261.719,Northeast,Pre-COVID,266.83,51403.333333333336
2016,nov,Food Away From Home,268.657,Northeast,Pre-COVID,273.91,52797.77777777778
2017,nov,Food Away From Home,275.002,Northeast,Pre-COVID,280.38,53960.0
2018,nov,Food Away From Home,282.244,Northeast,Pre-COVID,287.76,55435.555555555555
2019,nov,Food Away From Home,290.793,Northeast,Pre-COVID,296.48,
2020,nov,Food Away From Home,301.705,Northeast,Post-COVID,307.6,60284.444444444445
2021,nov,Food Away From Home,322.436,Northeast,Post-COVID,328.74,62467.77777777778
2022,nov,Food Away From Home,345.927,Northeast,Post-COVID,352.69,65818.88888888889
2023,nov,Food Away From Home,364.256,Northeast,Post-COVID,371.37,69343.33333333333
2024,nov,Food Away From Home,377.043,Northeast,Post-COVID,384.41,71988.88888888889
2025,nov,Food Away From Home,,Northeast,Post-COVID,,75084.4050740352
2015,nov,Energy,185.044,Northeast,Pre-COVID,292.92,51403.333333333336
2016,nov,Energy,188.253,Northeast,Pre-COVID,298.0,52797.77777777778
2017,nov,Energy,206.616,Northeast,Pre-COVID,327.06,53960.0
2018,nov,Energy,215.922,Northeast,Pre-COVID,341.8,55435.555555555555
2019,nov,Energy,210.061,Northeast,Pre-COVID,332.52,
2020,nov,Energy,191.517,Northeast,Post-COVID,303.16,60284.444444444445
2021,nov,Energy,253.737,Northeast,Post-COVID,401.65,62467.77777777778
2022,nov,Energy,302.168,Northeast,Post-COVID,478.32,65818.88888888889
2023,nov,Energy,278.696,Northeast,Post-COVID,441.16,69343.33333333333
2024,nov,Energy,271.093,Northeast,Post-COVID,429.13,71988.88888888889
2025,nov,Energy,,Northeast,Post-COVID,,75084.4050740352
2015,nov,Shelter,327.989,Northeast,Pre-COVID,1465.83,51403.333333333336
2016,nov,Shelter,338.115,Northeast,Pre-COVID,1511.09,52797.77777777778
2017,nov,Shelter,343.275,Northeast,Pre-COVID,1534.15,53960.0
2018,nov,Shelter,351.89,Northeast,Pre-COVID,1572.65,55435.555555555555
2019,nov,Shelter,360.772,Northeast,Pre-COVID,1612.35,
2020,nov,Shelter,367.346,Northeast,Post-COVID,1641.73,60284.444444444445
2021,nov,Shelter,375.838,Northeast,Post-COVID,1679.68,62467.77777777778
2022,nov,Shelter,394.293,Northeast,Post-COVID,1762.16,65818.88888888889
2023,nov,Shelter,419.375,Northeast,Post-COVID,1874.25,69343.33333333333
2024,nov,Shelter,443.365,Northeast,Post-COVID,1981.47,71988.88888888889
2025,nov,Shelter,,Northeast,Post-COVID,,75084.4050740352
2015,nov,Medical Care,472.096,Northeast,Pre-COVID,412.67,51403.333333333336
2016,nov,Medical Care,488.452,Northeast,Pre-COVID,426.96,52797.77777777778
2017,nov,Medical Care,498.864,Northeast,Pre-COVID,436.07,53960.0
2018,nov,Medical Care,508.36,Northeast,Pre-COVID,444.37,55435.555555555555
2019,nov,Medical Care,536.649,Northeast,Pre-COVID,469.09,
2020,nov,Medical Care,546.128,Northeast,Post-COVID,477.38,60284.444444444445
2021,nov,Medical Care,552.929,Northeast,Post-COVID,483.32,62467.77777777778
2022,nov,Medical Care,577.943,Northeast,Post-COVID,505.19,65818.88888888889
2023,nov,Medical Care,550.861,Northeast,Post-COVID,481.52,69343.33333333333
2024,nov,Medical Care,574.29,Northeast,Post-COVID,502.0,71988.88888888889
2025,nov,Medical Care,,Northeast,Post-COVID,,75084.4050740352
2015,dec,Food at Home,247.883,Northeast,Pre-COVID,342.08,51403.333333333336
2016,dec,Food at Home,242.625,Northeast,Pre-COVID,334.83,52797.77777777778
2017,dec,Food at Home,246.424,Northeast,Pre-COVID,340.07,53960.0
2018,dec,Food at Home,248.585,Northeast,Pre-COVID,343.05,55435.555555555555
2019,dec,Food at Home,251.134,Northeast,Pre-COVID,346.57,
2020,dec,Food at Home,260.581,Northeast,Post-COVID,359.61,60284.444444444445
2021,dec,Food at Home,273.384,Northeast,Post-COVID,377.28,62467.77777777778
2022,dec,Food at Home,302.872,Northeast,Post-COVID,417.97,65818.88888888889
2023,dec,Food at Home,306.005,Northeast,Post-COVID,422.29,69343.33333333333
2024,dec,Food at Home,310.743,Northeast,Post-COVID,428.83,71988.88888888889
2025,dec,Food at Home,,Northeast,Post-COVID,,75084.4050740352
2015,dec,Food Away From Home,261.919,Northeast,Pre-COVID,266.83,51403.333333333336
2016,dec,Food Away From Home,268.58,Northeast,Pre-COVID,273.62,52797.77777777778
2017,dec,Food Away From Home,275.644,Northeast,Pre-COVID,280.82,53960.0
2018,dec,Food Away From Home,283.176,Northeast,Pre-COVID,288.49,55435.555555555555
2019,dec,Food Away From Home,292.114,Northeast,Pre-COVID,297.59,
2020,dec,Food Away From Home,304.57,Northeast,Post-COVID,310.28,60284.444444444445
2021,dec,Food Away From Home,323.704,Northeast,Post-COVID,329.78,62467.77777777778
2022,dec,Food Away From Home,347.234,Northeast,Post-COVID,353.75,65818.88888888889
2023,dec,Food Away From Home,365.615,Northeast,Post-COVID,372.47,69343.33333333333
2024,dec,Food Away From Home,378.562,Northeast,Post-COVID,385.66,71988.88888888889
2025,dec,Food Away From Home,,Northeast,Post-COVID,,75084.4050740352
2015,dec,Energy,180.17,Northeast,Pre-COVID,292.92,51403.333333333336
2016,dec,Energy,191.636,Northeast,Pre-COVID,311.56,52797.77777777778
2017,dec,Energy,207.538,Northeast,Pre-COVID,337.41,53960.0
2018,dec,Energy,209.78,Northeast,Pre-COVID,341.06,55435.555555555555
2019,dec,Energy,210.063,Northeast,Pre-COVID,341.52,
2020,dec,Energy,197.774,Northeast,Post-COVID,321.54,60284.444444444445
2021,dec,Energy,253.13,Northeast,Post-COVID,411.53,62467.77777777778
2022,dec,Energy,290.095,Northeast,Post-COVID,471.63,65818.88888888889
2023,dec,Energy,270.482,Northeast,Post-COVID,439.74,69343.33333333333
2024,dec,Energy,272.876,Northeast,Post-COVID,443.64,71988.88888888889
2025,dec,Energy,,Northeast,Post-COVID,,75084.4050740352
2015,dec,Shelter,328.018,Northeast,Pre-COVID,1465.83,51403.333333333336
2016,dec,Shelter,338.128,Northeast,Pre-COVID,1511.01,52797.77777777778
2017,dec,Shelter,344.282,Northeast,Pre-COVID,1538.51,53960.0
2018,dec,Shelter,353.372,Northeast,Pre-COVID,1579.13,55435.555555555555
2019,dec,Shelter,360.599,Northeast,Pre-COVID,1611.43,
2020,dec,Shelter,367.393,Northeast,Post-COVID,1641.79,60284.444444444445
2021,dec,Shelter,377.105,Northeast,Post-COVID,1685.19,62467.77777777778
2022,dec,Shelter,396.479,Northeast,Post-COVID,1771.77,65818.88888888889
2023,dec,Shelter,422.128,Northeast,Post-COVID,1886.39,69343.33333333333
2024,dec,Shelter,444.459,Northeast,Post-COVID,1986.18,71988.88888888889
2025,dec,Shelter,,Northeast,Post-COVID,,75084.4050740352
2015,dec,Medical Care,470.813,Northeast,Pre-COVID,412.67,51403.333333333336
2016,dec,Medical Care,486.991,Northeast,Pre-COVID,426.85,52797.77777777778
2017,dec,Medical Care,499.765,Northeast,Pre-COVID,438.04,53960.0
2018,dec,Medical Care,509.755,Northeast,Pre-COVID,446.8,55435.555555555555
2019,dec,Medical Care,539.822,Northeast,Pre-COVID,473.15,
2020,dec,Medical Care,544.695,Northeast,Post-COVID,477.42,60284.444444444445
2021,dec,Medical Care,553.612,Northeast,Post-COVID,485.24,62467.77777777778
2022,dec,Medical Care,576.835,Northeast,Post-COVID,505.59,65818.88888888889
2023,dec,Medical Care,551.897,Northeast,Post-COVID,483.74,69343.33333333333
2024,dec,Medical Care,573.478,Northeast,Post-COVID,502.65,71988.88888888889
2025,dec,Medical Care,,Northeast,Post-COVID,,75084.4050740352
2015,jan,Food at Home,231.378,Midwest,Pre-COVID,324.75,44357.5
2016,jan,Food at Home,230.695,Midwest,Pre-COVID,323.79,45647.5
2017,jan,Food at Home,225.083,Midwest,Pre-COVID,315.91,46655.0
2018,jan,Food at Home,226.656,Midwest,Pre-COVID,318.12,47865.0
2019,jan,Food at Home,226.291,Midwest,Pre-COVID,317.61,
2020,jan,Food at Home,228.471,Midwest,Post-COVID,320.67,51440.833333333336
2021,jan,Food at Home,235.377,Midwest,Post-COVID,330.36,53044.166666666664
2022,jan,Food at Home,255.381,Midwest,Post-COVID,358.44,56114.166666666664
2023,jan,Food at Home,285.715,Midwest,Post-COVID,401.01,59237.5
2024,jan,Food at Home,289.498,Midwest,Post-COVID,406.32,61460.0
2025,jan,Food at Home,294.516,Midwest,Post-COVID,413.37,64017.06259108929
2015,jan,Food Away From Home,252.035,Midwest,Pre-COVID,254.17,44357.5
2016,jan,Food Away From Home,257.959,Midwest,Pre-COVID,260.14,45647.5
2017,jan,Food Away From Home,263.637,Midwest,Pre-COVID,265.87,46655.0
2018,jan,Food Away From Home,269.502,Midwest,Pre-COVID,271.78,47865.0
2019,jan,Food Away From Home,276.128,Midwest,Pre-COVID,278.46,
2020,jan,Food Away From Home,283.255,Midwest,Post-COVID,285.65,51440.833333333336
2021,jan,Food Away From Home,292.106,Midwest,Post-COVID,294.58,53044.166666666664
2022,jan,Food Away From Home,312.702,Midwest,Post-COVID,315.35,56114.166666666664
2023,jan,Food Away From Home,342.565,Midwest,Post-COVID,345.46,59237.5
2024,jan,Food Away From Home,357.78,Midwest,Post-COVID,360.81,61460.0
2025,jan,Food Away From Home,367.631,Midwest,Post-COVID,370.74,64017.06259108929
2015,jan,Energy,182.372,Midwest,Pre-COVID,275.83,44357.5
2016,jan,Energy,169.831,Midwest,Pre-COVID,256.87,45647.5
2017,jan,Energy,194.261,Midwest,Pre-COVID,293.82,46655.0
2018,jan,Energy,203.251,Midwest,Pre-COVID,307.41,47865.0
2019,jan,Energy,182.886,Midwest,Pre-COVID,276.61,
2020,jan,Energy,198.499,Midwest,Post-COVID,300.23,51440.833333333336
2021,jan,Energy,192.598,Midwest,Post-COVID,291.3,53044.166666666664
2022,jan,Energy,240.746,Midwest,Post-COVID,364.12,56114.166666666664
2023,jan,Energy,260.465,Midwest,Post-COVID,393.95,59237.5
2024,jan,Energy,240.205,Midwest,Post-COVID,363.3,61460.0
2025,jan,Energy,249.642,Midwest,Post-COVID,377.58,64017.06259108929
2015,jan,Shelter,246.573,Midwest,Pre-COVID,1375.17,44357.5
2016,jan,Shelter,252.717,Midwest,Pre-COVID,1409.43,45647.5
2017,jan,Shelter,259.528,Midwest,Pre-COVID,1447.42,46655.0
2018,jan,Shelter,266.364,Midwest,Pre-COVID,1485.54,47865.0
2019,jan,Shelter,275.22,Midwest,Pre-COVID,1534.93,
2020,jan,Shelter,284.095,Midwest,Post-COVID,1584.43,51440.833333333336
2021,jan,Shelter,288.325,Midwest,Post-COVID,1608.02,53044.166666666664
2022,jan,Shelter,301.535,Midwest,Post-COVID,1681.7,56114.166666666664
2023,jan,Shelter,320.948,Midwest,Post-COVID,1789.96,59237.5
2024,jan,Shelter,341.513,Midwest,Post-COVID,1904.66,61460.0
2025,jan,Shelter,359.714,Midwest,Post-COVID,2006.17,64017.06259108929
2015,jan,Medical Care,448.542,Midwest,Pre-COVID,399.58,44357.5
2016,jan,Medical Care,460.482,Midwest,Pre-COVID,410.22,45647.5
2017,jan,Medical Care,479.115,Midwest,Pre-COVID,426.82,46655.0
2018,jan,Medical Care,481.011,Midwest,Pre-COVID,428.51,47865.0
2019,jan,Medical Care,492.369,Midwest,Pre-COVID,438.63,
2020,jan,Medical Care,507.573,Midwest,Post-COVID,452.17,51440.833333333336
2021,jan,Medical Care,523.287,Midwest,Post-COVID,466.17,53044.166666666664
2022,jan,Medical Care,531.401,Midwest,Post-COVID,473.4,56114.166666666664
2023,jan,Medical Care,546.299,Midwest,Post-COVID,486.67,59237.5
2024,jan,Medical Care,549.6,Midwest,Post-COVID,489.61,61460.0
2025,jan,Medical Care,564.371,Midwest,Post-COVID,502.77,64017.06259108929
2015,feb,Food at Home,230.747,Midwest,Pre-COVID,324.75,44357.5
2016,feb,Food at Home,229.779,Midwest,Pre-COVID,323.39,45647.5
2017,feb,Food at Home,225.558,Midwest,Pre-COVID,317.45,46655.0
2018,feb,Food at Home,226.81,Midwest,Pre-COVID,319.21,47865.0
2019,feb,Food at Home,228.347,Midwest,Pre-COVID,321.37,
2020,feb,Food at Home,229.829,Midwest,Post-COVID,323.46,51440.833333333336
2021,feb,Food at Home,235.863,Midwest,Post-COVID,331.95,53044.166666666664
2022,feb,Food at Home,258.599,Midwest,Post-COVID,363.95,56114.166666666664
2023,feb,Food at Home,286.503,Midwest,Post-COVID,403.22,59237.5
2024,feb,Food at Home,289.635,Midwest,Post-COVID,407.63,61460.0
2025,feb,Food at Home,293.462,Midwest,Post-COVID,413.01,64017.06259108929
2015,feb,Food Away From Home,252.483,Midwest,Pre-COVID,254.17,44357.5
2016,feb,Food Away From Home,258.214,Midwest,Pre-COVID,259.94,45647.5
2017,feb,Food Away From Home,264.278,Midwest,Pre-COVID,266.04,46655.0
2018,feb,Food Away From Home,269.935,Midwest,Pre-COVID,271.74,47865.0
2019,feb,Food Away From Home,276.59,Midwest,Pre-COVID,278.43,
2020,feb,Food Away From Home,283.349,Midwest,Post-COVID,285.24,51440.833333333336
2021,feb,Food Away From Home,292.202,Midwest,Post-COVID,294.15,53044.166666666664
2022,feb,Food Away From Home,314.608,Midwest,Post-COVID,316.71,56114.166666666664
2023,feb,Food Away From Home,343.973,Midwest,Post-COVID,346.27,59237.5
2024,feb,Food Away From Home,357.532,Midwest,Post-COVID,359.92,61460.0
2025,feb,Food Away From Home,369.069,Midwest,Post-COVID,371.53,64017.06259108929
2015,feb,Energy,189.377,Midwest,Pre-COVID,275.83,44357.5
2016,feb,Energy,161.307,Midwest,Pre-COVID,234.95,45647.5
2017,feb,Energy,189.806,Midwest,Pre-COVID,276.46,46655.0
2018,feb,Energy,202.097,Midwest,Pre-COVID,294.36,47865.0
2019,feb,Energy,189.411,Midwest,Pre-COVID,275.88,
2020,feb,Energy,194.298,Midwest,Post-COVID,283.0,51440.833333333336
2021,feb,Energy,201.571,Midwest,Post-COVID,293.59,53044.166666666664
2022,feb,Energy,250.795,Midwest,Post-COVID,365.29,56114.166666666664
2023,feb,Energy,257.853,Midwest,Post-COVID,375.57,59237.5
2024,feb,Energy,249.882,Midwest,Post-COVID,363.96,61460.0
2025,feb,Energy,248.755,Midwest,Post-COVID,362.32,64017.06259108929
2015,feb,Shelter,246.874,Midwest,Pre-COVID,1375.17,44357.5
2016,feb,Shelter,253.512,Midwest,Pre-COVID,1412.14,45647.5
2017,feb,Shelter,260.016,Midwest,Pre-COVID,1448.37,46655.0
2018,feb,Shelter,267.342,Midwest,Pre-COVID,1489.18,47865.0
2019,feb,Shelter,276.593,Midwest,Pre-COVID,1540.71,
2020,feb,Shelter,285.087,Midwest,Post-COVID,1588.03,51440.833333333336
2021,feb,Shelter,289.397,Midwest,Post-COVID,1612.03,53044.166666666664
2022,feb,Shelter,303.249,Midwest,Post-COVID,1689.19,56114.166666666664
2023,feb,Shelter,323.149,Midwest,Post-COVID,1800.04,59237.5
2024,feb,Shelter,343.183,Midwest,Post-COVID,1911.64,61460.0
2025,feb,Shelter,361.995,Midwest,Post-COVID,2016.43,64017.06259108929
2015,feb,Medical Care,447.3,Midwest,Pre-COVID,399.58,44357.5
2016,feb,Medical Care,462.96,Midwest,Pre-COVID,413.57,45647.5
2017,feb,Medical Care,480.573,Midwest,Pre-COVID,429.31,46655.0
2018,feb,Medical Care,481.849,Midwest,Pre-COVID,430.45,47865.0
2019,feb,Medical Care,491.532,Midwest,Pre-COVID,439.1,
2020,feb,Medical Care,512.813,Midwest,Post-COVID,458.11,51440.833333333336
2021,feb,Medical Care,525.867,Midwest,Post-COVID,469.77,53044.166666666664
2022,feb,Medical Care,531.165,Midwest,Post-COVID,474.5,56114.166666666664
2023,feb,Medical Care,545.075,Midwest,Post-COVID,486.93,59237.5
2024,feb,Medical Care,545.456,Midwest,Post-COVID,487.27,61460.0
2025,feb,Medical Care,561.298,Midwest,Post-COVID,501.42,64017.06259108929
2015,mar,Food at Home,229.093,Midwest,Pre-COVID,324.75,44357.5
2016,mar,Food at Home,227.791,Midwest,Pre-COVID,322.9,45647.5
2017,mar,Food at Home,225.919,Midwest,Pre-COVID,320.25,46655.0
2018,mar,Food at Home,225.918,Midwest,Pre-COVID,320.25,47865.0
2019,mar,Food at Home,227.372,Midwest,Pre-COVID,322.31,
2020,mar,Food at Home,230.242,Midwest,Post-COVID,326.38,51440.833333333336
2021,mar,Food at Home,236.421,Midwest,Post-COVID,335.14,53044.166666666664
2022,mar,Food at Home,263.145,Midwest,Post-COVID,373.02,56114.166666666664
2023,mar,Food at Home,286.052,Midwest,Post-COVID,405.49,59237.5
2024,mar,Food at Home,289.478,Midwest,Post-COVID,410.35,61460.0
2025,mar,Food at Home,296.054,Midwest,Post-COVID,419.67,64017.06259108929
2015,mar,Food Away From Home,252.839,Midwest,Pre-COVID,254.17,44357.5
2016,mar,Food Away From Home,259.091,Midwest,Pre-COVID,260.45,45647.5
2017,mar,Food Away From Home,264.553,Midwest,Pre-COVID,265.94,46655.0
2018,mar,Food Away From Home,270.384,Midwest,Pre-COVID,271.8,47865.0
2019,mar,Food Away From Home,276.762,Midwest,Pre-COVID,278.22,
2020,mar,Food Away From Home,283.705,Midwest,Post-COVID,285.19,51440.833333333336
2021,mar,Food Away From Home,292.365,Midwest,Post-COVID,293.9,53044.166666666664
2022,mar,Food Away From Home,316.829,Midwest,Post-COVID,318.49,56114.166666666664
2023,mar,Food Away From Home,345.89,Midwest,Post-COVID,347.71,59237.5
2024,mar,Food Away From Home,357.805,Midwest,Post-COVID,359.68,61460.0
2025,mar,Food Away From Home,370.579,Midwest,Post-COVID,372.52,64017.06259108929
2015,mar,Energy,196.429,Midwest,Pre-COVID,275.83,44357.5
2016,mar,Energy,173.728,Midwest,Pre-COVID,243.96,45647.5
2017,mar,Energy,190.872,Midwest,Pre-COVID,268.03,46655.0
2018,mar,Energy,200.936,Midwest,Pre-COVID,282.16,47865.0
2019,mar,Energy,200.004,Midwest,Pre-COVID,280.85,
2020,mar,Energy,181.24,Midwest,Post-COVID,254.5,51440.833333333336
2021,mar,Energy,212.902,Midwest,Post-COVID,298.97,53044.166666666664
2022,mar,Energy,275.376,Midwest,Post-COVID,386.69,56114.166666666664
2023,mar,Energy,257.197,Midwest,Post-COVID,361.17,59237.5
2024,mar,Energy,258.778,Midwest,Post-COVID,363.39,61460.0
2025,mar,Energy,250.401,Midwest,Post-COVID,351.62,64017.06259108929
2015,mar,Shelter,247.671,Midwest,Pre-COVID,1375.17,44357.5
2016,mar,Shelter,254.079,Midwest,Pre-COVID,1410.75,45647.5
2017,mar,Shelter,260.312,Midwest,Pre-COVID,1445.35,46655.0
2018,mar,Shelter,268.376,Midwest,Pre-COVID,1490.13,47865.0
2019,mar,Shelter,278.067,Midwest,Pre-COVID,1543.94,
2020,mar,Shelter,285.236,Midwest,Post-COVID,1583.74,51440.833333333336
2021,mar,Shelter,290.464,Midwest,Post-COVID,1612.77,53044.166666666664
2022,mar,Shelter,305.136,Midwest,Post-COVID,1694.23,56114.166666666664
2023,mar,Shelter,326.09,Midwest,Post-COVID,1810.58,59237.5
2024,mar,Shelter,345.444,Midwest,Post-COVID,1918.04,61460.0
2025,mar,Shelter,363.701,Midwest,Post-COVID,2019.41,64017.06259108929
2015,mar,Medical Care,448.997,Midwest,Pre-COVID,399.58,44357.5
2016,mar,Medical Care,464.165,Midwest,Pre-COVID,413.08,45647.5
2017,mar,Medical Care,479.253,Midwest,Pre-COVID,426.51,46655.0
2018,mar,Medical Care,482.275,Midwest,Pre-COVID,429.2,47865.0
2019,mar,Medical Care,491.086,Midwest,Pre-COVID,437.04,
2020,mar,Medical Care,513.815,Midwest,Post-COVID,457.27,51440.833333333336
2021,mar,Medical Care,525.593,Midwest,Post-COVID,467.75,53044.166666666664
2022,mar,Medical Care,534.114,Midwest,Post-COVID,475.33,56114.166666666664
2023,mar,Medical Care,545.999,Midwest,Post-COVID,485.91,59237.5
2024,mar,Medical Care,548.135,Midwest,Post-COVID,487.81,61460.0
2025,mar,Medical Care,560.753,Midwest,Post-COVID,499.04,64017.06259108929
2015,apr,Food at Home,229.209,Midwest,Pre-COVID,324.75,44357.5
2016,apr,Food at Home,228.662,Midwest,Pre-COVID,323.97,45647.5
2017,apr,Food at Home,226.011,Midwest,Pre-COVID,320.22,46655.0
2018,apr,Food at Home,227.91,Midwest,Pre-COVID,322.91,47865.0
2019,apr,Food at Home,226.719,Midwest,Pre-COVID,321.22,
2020,apr,Food at Home,236.431,Midwest,Post-COVID,334.98,51440.833333333336
2021,apr,Food at Home,237.832,Midwest,Post-COVID,336.97,53044.166666666664
2022,apr,Food at Home,267.001,Midwest,Post-COVID,378.29,56114.166666666664
2023,apr,Food at Home,286.499,Midwest,Post-COVID,405.92,59237.5
2024,apr,Food at Home,289.107,Midwest,Post-COVID,409.62,61460.0
2025,apr,Food at Home,294.13,Midwest,Post-COVID,416.73,64017.06259108929
2015,apr,Food Away From Home,253.892,Midwest,Pre-COVID,254.17,44357.5
2016,apr,Food Away From Home,260.295,Midwest,Pre-COVID,260.58,45647.5
2017,apr,Food Away From Home,264.944,Midwest,Pre-COVID,265.23,46655.0
2018,apr,Food Away From Home,270.538,Midwest,Pre-COVID,270.83,47865.0
2019,apr,Food Away From Home,277.182,Midwest,Pre-COVID,277.48,
2020,apr,Food Away From Home,281.716,Midwest,Post-COVID,282.02,51440.833333333336
2021,apr,Food Away From Home,293.123,Midwest,Post-COVID,293.44,53044.166666666664
2022,apr,Food Away From Home,320.291,Midwest,Post-COVID,320.64,56114.166666666664
2023,apr,Food Away From Home,345.657,Midwest,Post-COVID,346.03,59237.5
2024,apr,Food Away From Home,359.267,Midwest,Post-COVID,359.66,61460.0
2025,apr,Food Away From Home,372.135,Midwest,Post-COVID,372.54,64017.06259108929
2015,apr,Energy,194.29,Midwest,Pre-COVID,275.83,44357.5
2016,apr,Energy,178.323,Midwest,Pre-COVID,253.16,45647.5
2017,apr,Energy,195.496,Midwest,Pre-COVID,277.55,46655.0
2018,apr,Energy,205.87,Midwest,Pre-COVID,292.27,47865.0
2019,apr,Energy,209.577,Midwest,Pre-COVID,297.54,
2020,apr,Energy,159.976,Midwest,Post-COVID,227.12,51440.833333333336
2021,apr,Energy,217.17,Midwest,Post-COVID,308.32,53044.166666666664
2022,apr,Energy,275.275,Midwest,Post-COVID,390.81,56114.166666666664
2023,apr,Energy,263.178,Midwest,Post-COVID,373.63,59237.5
2024,apr,Energy,263.114,Midwest,Post-COVID,373.54,61460.0
2025,apr,Energy,254.743,Midwest,Post-COVID,361.66,64017.06259108929
2015,apr,Shelter,247.83,Midwest,Pre-COVID,1375.17,44357.5
2016,apr,Shelter,254.693,Midwest,Pre-COVID,1413.25,45647.5
2017,apr,Shelter,261.077,Midwest,Pre-COVID,1448.67,46655.0
2018,apr,Shelter,269.145,Midwest,Pre-COVID,1493.44,47865.0
2019,apr,Shelter,278.535,Midwest,Pre-COVID,1545.54,
2020,apr,Shelter,284.083,Midwest,Post-COVID,1576.33,51440.833333333336
2021,apr,Shelter,291.656,Midwest,Post-COVID,1618.35,53044.166666666664
2022,apr,Shelter,305.815,Midwest,Post-COVID,1696.92,56114.166666666664
2023,apr,Shelter,327.503,Midwest,Post-COVID,1817.26,59237.5
2024,apr,Shelter,347.648,Midwest,Post-COVID,1929.04,61460.0
2025,apr,Shelter,364.335,Midwest,Post-COVID,2021.63,64017.06259108929
2015,apr,Medical Care,452.309,Midwest,Pre-COVID,399.58,44357.5
2016,apr,Medical Care,465.161,Midwest,Pre-COVID,410.94,45647.5
2017,apr,Medical Care,479.011,Midwest,Pre-COVID,423.17,46655.0
2018,apr,Medical Care,482.487,Midwest,Pre-COVID,426.24,47865.0
2019,apr,Medical Care,487.594,Midwest,Pre-COVID,430.76,
2020,apr,Medical Care,513.998,Midwest,Post-COVID,454.08,51440.833333333336
2021,apr,Medical Care,523.738,Midwest,Post-COVID,462.69,53044.166666666664
2022,apr,Medical Care,535.17,Midwest,Post-COVID,472.79,56114.166666666664
2023,apr,Medical Care,543.066,Midwest,Post-COVID,479.76,59237.5
2024,apr,Medical Care,554.309,Midwest,Post-COVID,489.69,61460.0
2025,apr,Medical Care,562.106,Midwest,Post-COVID,496.58,64017.06259108929
2015,may,Food at Home,228.729,Midwest,Pre-COVID,324.75,44357.5
2016,may,Food at Home,227.107,Midwest,Pre-COVID,322.45,45647.5
2017,may,Food at Home,226.674,Midwest,Pre-COVID,321.83,46655.0
2018,may,Food at Home,226.522,Midwest,Pre-COVID,321.62,47865.0
2019,may,Food at Home,228.0,Midwest,Pre-COVID,323.71,
2020,may,Food at Home,238.881,Midwest,Post-COVID,339.16,51440.833333333336
2021,may,Food at Home,238.169,Midwest,Post-COVID,338.15,53044.166666666664
2022,may,Food at Home,271.278,Midwest,Post-COVID,385.16,56114.166666666664
2023,may,Food at Home,288.196,Midwest,Post-COVID,409.18,59237.5
2024,may,Food at Home,289.396,Midwest,Post-COVID,410.89,61460.0
2025,may,Food at Home,295.1,Midwest,Post-COVID,418.98,64017.06259108929
2015,may,Food Away From Home,254.137,Midwest,Pre-COVID,254.17,44357.5
2016,may,Food Away From Home,261.47,Midwest,Pre-COVID,261.5,45647.5
2017,may,Food Away From Home,265.048,Midwest,Pre-COVID,265.08,46655.0
2018,may,Food Away From Home,271.536,Midwest,Pre-COVID,271.57,47865.0
2019,may,Food Away From Home,278.434,Midwest,Pre-COVID,278.47,
2020,may,Food Away From Home,282.357,Midwest,Post-COVID,282.39,51440.833333333336
2021,may,Food Away From Home,296.906,Midwest,Post-COVID,296.94,53044.166666666664
2022,may,Food Away From Home,323.169,Midwest,Post-COVID,323.21,56114.166666666664
2023,may,Food Away From Home,348.483,Midwest,Post-COVID,348.52,59237.5
2024,may,Food Away From Home,360.325,Midwest,Post-COVID,360.37,61460.0
2025,may,Food Away From Home,373.201,Midwest,Post-COVID,373.24,64017.06259108929
2015,may,Energy,202.549,Midwest,Pre-COVID,275.83,44357.5
2016,may,Energy,186.465,Midwest,Pre-COVID,253.93,45647.5
2017,may,Energy,194.062,Midwest,Pre-COVID,264.28,46655.0
2018,may,Energy,216.074,Midwest,Pre-COVID,294.25,47865.0
2019,may,Energy,212.344,Midwest,Pre-COVID,289.17,
2020,may,Energy,170.732,Midwest,Post-COVID,232.5,51440.833333333336
2021,may,Energy,223.383,Midwest,Post-COVID,304.21,53044.166666666664
2022,may,Energy,298.959,Midwest,Post-COVID,407.13,56114.166666666664
2023,may,Energy,260.06,Midwest,Post-COVID,354.15,59237.5
2024,may,Energy,263.738,Midwest,Post-COVID,359.16,61460.0
2025,may,Energy,255.799,Midwest,Post-COVID,348.35,64017.06259108929
2015,may,Shelter,248.321,Midwest,Pre-COVID,1375.17,44357.5
2016,may,Shelter,255.109,Midwest,Pre-COVID,1412.76,45647.5
2017,may,Shelter,262.233,Midwest,Pre-COVID,1452.21,46655.0
2018,may,Shelter,270.278,Midwest,Pre-COVID,1496.76,47865.0
2019,may,Shelter,279.672,Midwest,Pre-COVID,1548.78,
2020,may,Shelter,285.288,Midwest,Post-COVID,1579.88,51440.833333333336
2021,may,Shelter,292.571,Midwest,Post-COVID,1620.22,53044.166666666664
2022,may,Shelter,307.74,Midwest,Post-COVID,1704.22,56114.166666666664
2023,may,Shelter,330.151,Midwest,Post-COVID,1828.33,59237.5
2024,may,Shelter,350.596,Midwest,Post-COVID,1941.55,61460.0
2025,may,Shelter,365.681,Midwest,Post-COVID,2025.09,64017.06259108929
2015,may,Medical Care,452.171,Midwest,Pre-COVID,399.58,44357.5
2016,may,Medical Care,466.955,Midwest,Pre-COVID,412.65,45647.5
2017,may,Medical Care,478.245,Midwest,Pre-COVID,422.62,46655.0
2018,may,Medical Care,484.692,Midwest,Pre-COVID,428.32,47865.0
2019,may,Medical Care,492.063,Midwest,Pre-COVID,434.84,
2020,may,Medical Care,515.567,Midwest,Post-COVID,455.61,51440.833333333336
2021,may,Medical Care,523.59,Midwest,Post-COVID,462.7,53044.166666666664
2022,may,Medical Care,537.633,Midwest,Post-COVID,475.11,56114.166666666664
2023,may,Medical Care,540.013,Midwest,Post-COVID,477.21,59237.5
2024,may,Medical Care,553.73,Midwest,Post-COVID,489.33,61460.0
2025,may,Medical Care,563.672,Midwest,Post-COVID,498.12,64017.06259108929
2015,jun,Food at Home,229.0,Midwest,Pre-COVID,324.75,44357.5
2016,jun,Food at Home,226.303,Midwest,Pre-COVID,320.93,45647.5
2017,jun,Food at Home,226.024,Midwest,Pre-COVID,320.53,46655.0
2018,jun,Food at Home,226.963,Midwest,Pre-COVID,321.86,47865.0
2019,jun,Food at Home,227.95,Midwest,Pre-COVID,323.26,
2020,jun,Food at Home,238.991,Midwest,Post-COVID,338.92,51440.833333333336
2021,jun,Food at Home,239.911,Midwest,Post-COVID,340.22,53044.166666666664
2022,jun,Food at Home,274.159,Midwest,Post-COVID,388.79,56114.166666666664
2023,jun,Food at Home,287.256,Midwest,Post-COVID,407.36,59237.5
2024,jun,Food at Home,289.56,Midwest,Post-COVID,410.63,61460.0
2025,jun,Food at Home,297.298,Midwest,Post-COVID,421.6,64017.06259108929
2015,jun,Food Away From Home,254.629,Midwest,Pre-COVID,254.17,44357.5
2016,jun,Food Away From Home,261.589,Midwest,Pre-COVID,261.11,45647.5
2017,jun,Food Away From Home,263.857,Midwest,Pre-COVID,263.38,46655.0
2018,jun,Food Away From Home,272.066,Midwest,Pre-COVID,271.57,47865.0
2019,jun,Food Away From Home,279.497,Midwest,Pre-COVID,278.99,
2020,jun,Food Away From Home,284.52,Midwest,Post-COVID,284.0,51440.833333333336
2021,jun,Food Away From Home,300.104,Midwest,Post-COVID,299.56,53044.166666666664
2022,jun,Food Away From Home,324.36,Midwest,Post-COVID,323.77,56114.166666666664
2023,jun,Food Away From Home,349.927,Midwest,Post-COVID,349.29,59237.5
2024,jun,Food Away From Home,361.152,Midwest,Post-COVID,360.5,61460.0
2025,jun,Food Away From Home,374.352,Midwest,Post-COVID,373.67,64017.06259108929
2015,jun,Energy,214.413,Midwest,Pre-COVID,275.83,44357.5
2016,jun,Energy,198.523,Midwest,Pre-COVID,255.39,45647.5
2017,jun,Energy,198.416,Midwest,Pre-COVID,255.25,46655.0
2018,jun,Energy,219.215,Midwest,Pre-COVID,282.01,47865.0
2019,jun,Energy,210.885,Midwest,Pre-COVID,271.29,
2020,jun,Energy,183.717,Midwest,Post-COVID,236.34,51440.833333333336
2021,jun,Energy,232.432,Midwest,Post-COVID,299.01,53044.166666666664
2022,jun,Energy,333.543,Midwest,Post-COVID,429.09,56114.166666666664
2023,jun,Energy,265.945,Midwest,Post-COVID,342.13,59237.5
2024,jun,Energy,263.706,Midwest,Post-COVID,339.25,61460.0
2025,jun,Energy,263.912,Midwest,Post-COVID,339.51,64017.06259108929
2015,jun,Shelter,249.241,Midwest,Pre-COVID,1375.17,44357.5
2016,jun,Shelter,256.656,Midwest,Pre-COVID,1416.08,45647.5
2017,jun,Shelter,263.258,Midwest,Pre-COVID,1452.5,46655.0
2018,jun,Shelter,270.494,Midwest,Pre-COVID,1492.43,47865.0
2019,jun,Shelter,280.235,Midwest,Pre-COVID,1546.17,
2020,jun,Shelter,286.137,Midwest,Post-COVID,1578.74,51440.833333333336
2021,jun,Shelter,294.263,Midwest,Post-COVID,1623.57,53044.166666666664
2022,jun,Shelter,309.877,Midwest,Post-COVID,1709.72,56114.166666666664
2023,jun,Shelter,332.532,Midwest,Post-COVID,1834.72,59237.5
2024,jun,Shelter,351.984,Midwest,Post-COVID,1942.04,61460.0
2025,jun,Shelter,367.531,Midwest,Post-COVID,2027.82,64017.06259108929
2015,jun,Medical Care,451.389,Midwest,Pre-COVID,399.58,44357.5
2016,jun,Medical Care,467.605,Midwest,Pre-COVID,413.94,45647.5
2017,jun,Medical Care,478.231,Midwest,Pre-COVID,423.34,46655.0
2018,jun,Medical Care,484.324,Midwest,Pre-COVID,428.74,47865.0
2019,jun,Medical Care,493.894,Midwest,Pre-COVID,437.21,
2020,jun,Medical Care,517.94,Midwest,Post-COVID,458.5,51440.833333333336
2021,jun,Medical Care,522.287,Midwest,Post-COVID,462.34,53044.166666666664
2022,jun,Medical Care,541.025,Midwest,Post-COVID,478.93,56114.166666666664
2023,jun,Medical Care,541.011,Midwest,Post-COVID,478.92,59237.5
2024,jun,Medical Care,554.122,Midwest,Post-COVID,490.53,61460.0
2025,jun,Medical Care,569.926,Midwest,Post-COVID,504.52,64017.06259108929
2015,jul,Food at Home,229.936,Midwest,Pre-COVID,324.75,44357.5
2016,jul,Food at Home,225.75,Midwest,Pre-COVID,318.84,45647.5
2017,jul,Food at Home,225.959,Midwest,Pre-COVID,319.13,46655.0
2018,jul,Food at Home,226.957,Midwest,Pre-COVID,320.54,47865.0
2019,jul,Food at Home,226.822,Midwest,Pre-COVID,320.35,
2020,jul,Food at Home,236.51,Midwest,Post-COVID,334.03,51440.833333333336
2021,jul,Food at Home,241.889,Midwest,Post-COVID,341.63,53044.166666666664
2022,jul,Food at Home,278.158,Midwest,Post-COVID,392.86,56114.166666666664
2023,jul,Food at Home,288.763,Midwest,Post-COVID,407.83,59237.5
2024,jul,Food at Home,291.065,Midwest,Post-COVID,411.09,61460.0
2025,jul,Food at Home,295.847,Midwest,Post-COVID,417.84,64017.06259108929
2015,jul,Food Away From Home,254.811,Midwest,Pre-COVID,254.17,44357.5
2016,jul,Food Away From Home,261.764,Midwest,Pre-COVID,261.1,45647.5
2017,jul,Food Away From Home,264.233,Midwest,Pre-COVID,263.56,46655.0
2018,jul,Food Away From Home,272.407,Midwest,Pre-COVID,271.72,47865.0
2019,jul,Food Away From Home,280.046,Midwest,Pre-COVID,279.34,
2020,jul,Food Away From Home,286.524,Midwest,Post-COVID,285.8,51440.833333333336
2021,jul,Food Away From Home,301.855,Midwest,Post-COVID,301.09,53044.166666666664
2022,jul,Food Away From Home,327.058,Midwest,Post-COVID,326.23,56114.166666666664
2023,jul,Food Away From Home,350.428,Midwest,Post-COVID,349.54,59237.5
2024,jul,Food Away From Home,362.442,Midwest,Post-COVID,361.53,61460.0
2025,jul,Food Away From Home,375.61,Midwest,Post-COVID,374.66,64017.06259108929
2015,jul,Energy,212.965,Midwest,Pre-COVID,275.83,44357.5
2016,jul,Energy,190.806,Midwest,Pre-COVID,247.13,45647.5
2017,jul,Energy,197.405,Midwest,Pre-COVID,255.68,46655.0
2018,jul,Energy,217.576,Midwest,Pre-COVID,281.81,47865.0
2019,jul,Energy,213.389,Midwest,Pre-COVID,276.38,
2020,jul,Energy,186.542,Midwest,Post-COVID,241.61,51440.833333333336
2021,jul,Energy,236.105,Midwest,Post-COVID,305.8,53044.166666666664
2022,jul,Energy,314.399,Midwest,Post-COVID,407.21,56114.166666666664
2023,jul,Energy,262.385,Midwest,Post-COVID,339.84,59237.5
2024,jul,Energy,267.668,Midwest,Post-COVID,346.68,61460.0
2025,jul,Energy,263.011,Midwest,Post-COVID,340.65,64017.06259108929
2015,jul,Shelter,249.676,Midwest,Pre-COVID,1375.17,44357.5
2016,jul,Shelter,256.461,Midwest,Pre-COVID,1412.54,45647.5
2017,jul,Shelter,262.779,Midwest,Pre-COVID,1447.34,46655.0
2018,jul,Shelter,271.218,Midwest,Pre-COVID,1493.82,47865.0
2019,jul,Shelter,280.794,Midwest,Pre-COVID,1546.56,
2020,jul,Shelter,286.463,Midwest,Post-COVID,1577.78,51440.833333333336
2021,jul,Shelter,296.222,Midwest,Post-COVID,1631.53,53044.166666666664
2022,jul,Shelter,311.079,Midwest,Post-COVID,1713.36,56114.166666666664
2023,jul,Shelter,336.212,Midwest,Post-COVID,1851.79,59237.5
2024,jul,Shelter,354.016,Midwest,Post-COVID,1949.85,61460.0
2025,jul,Shelter,368.499,Midwest,Post-COVID,2029.62,64017.06259108929
2015,jul,Medical Care,451.331,Midwest,Pre-COVID,399.58,44357.5
2016,jul,Medical Care,470.786,Midwest,Pre-COVID,416.81,45647.5
2017,jul,Medical Care,482.591,Midwest,Pre-COVID,427.26,46655.0
2018,jul,Medical Care,483.967,Midwest,Pre-COVID,428.48,47865.0
2019,jul,Medical Care,495.492,Midwest,Pre-COVID,438.68,
2020,jul,Medical Care,519.089,Midwest,Post-COVID,459.57,51440.833333333336
2021,jul,Medical Care,522.055,Midwest,Post-COVID,462.2,53044.166666666664
2022,jul,Medical Care,545.007,Midwest,Post-COVID,482.52,56114.166666666664
2023,jul,Medical Care,542.59,Midwest,Post-COVID,480.38,59237.5
2024,jul,Medical Care,555.5,Midwest,Post-COVID,491.81,61460.0
2025,jul,Medical Care,571.648,Midwest,Post-COVID,506.11,64017.06259108929
2015,aug,Food at Home,230.714,Midwest,Pre-COVID,324.75,44357.5
2016,aug,Food at Home,226.294,Midwest,Pre-COVID,318.53,45647.5
2017,aug,Food at Home,226.561,Midwest,Pre-COVID,318.9,46655.0
2018,aug,Food at Home,225.866,Midwest,Pre-COVID,317.93,47865.0
2019,aug,Food at Home,227.101,Midwest,Pre-COVID,319.66,
2020,aug,Food at Home,234.738,Midwest,Post-COVID,330.41,51440.833333333336
2021,aug,Food at Home,243.148,Midwest,Post-COVID,342.25,53044.166666666664
2022,aug,Food at Home,280.226,Midwest,Post-COVID,394.44,56114.166666666664
2023,aug,Food at Home,288.105,Midwest,Post-COVID,405.53,59237.5
2024,aug,Food at Home,290.118,Midwest,Post-COVID,408.37,61460.0
2025,aug,Food at Home,298.807,Midwest,Post-COVID,420.6,64017.06259108929
2015,aug,Food Away From Home,255.562,Midwest,Pre-COVID,254.17,44357.5
2016,aug,Food Away From Home,262.302,Midwest,Pre-COVID,260.87,45647.5
2017,aug,Food Away From Home,266.222,Midwest,Pre-COVID,264.77,46655.0
2018,aug,Food Away From Home,271.995,Midwest,Pre-COVID,270.51,47865.0
2019,aug,Food Away From Home,280.215,Midwest,Pre-COVID,278.69,
2020,aug,Food Away From Home,287.265,Midwest,Post-COVID,285.7,51440.833333333336
2021,aug,Food Away From Home,303.828,Midwest,Post-COVID,302.17,53044.166666666664
2022,aug,Food Away From Home,331.994,Midwest,Post-COVID,330.18,56114.166666666664
2023,aug,Food Away From Home,351.118,Midwest,Post-COVID,349.2,59237.5
2024,aug,Food Away From Home,363.576,Midwest,Post-COVID,361.59,61460.0
2025,aug,Food Away From Home,376.666,Midwest,Post-COVID,374.61,64017.06259108929
2015,aug,Energy,210.174,Midwest,Pre-COVID,275.83,44357.5
2016,aug,Energy,191.216,Midwest,Pre-COVID,250.95,45647.5
2017,aug,Energy,201.139,Midwest,Pre-COVID,263.98,46655.0
2018,aug,Energy,217.425,Midwest,Pre-COVID,285.35,47865.0
2019,aug,Energy,208.437,Midwest,Pre-COVID,273.55,
2020,aug,Energy,186.154,Midwest,Post-COVID,244.31,51440.833333333336
2021,aug,Energy,236.32,Midwest,Post-COVID,310.15,53044.166666666664
2022,aug,Energy,290.436,Midwest,Post-COVID,381.17,56114.166666666664
2023,aug,Energy,271.18,Midwest,Post-COVID,355.9,59237.5
2024,aug,Energy,264.171,Midwest,Post-COVID,346.7,61460.0
2025,aug,Energy,263.429,Midwest,Post-COVID,345.73,64017.06259108929
2015,aug,Shelter,249.789,Midwest,Pre-COVID,1375.17,44357.5
2016,aug,Shelter,256.634,Midwest,Pre-COVID,1412.85,45647.5
2017,aug,Shelter,263.051,Midwest,Pre-COVID,1448.18,46655.0
2018,aug,Shelter,271.663,Midwest,Pre-COVID,1495.59,47865.0
2019,aug,Shelter,280.599,Midwest,Pre-COVID,1544.79,
2020,aug,Shelter,287.179,Midwest,Post-COVID,1581.01,51440.833333333336
2021,aug,Shelter,297.007,Midwest,Post-COVID,1635.12,53044.166666666664
2022,aug,Shelter,312.253,Midwest,Post-COVID,1719.05,56114.166666666664
2023,aug,Shelter,334.737,Midwest,Post-COVID,1842.83,59237.5
2024,aug,Shelter,355.828,Midwest,Post-COVID,1958.94,61460.0
2025,aug,Shelter,369.611,Midwest,Post-COVID,2034.82,64017.06259108929
2015,aug,Medical Care,451.284,Midwest,Pre-COVID,399.58,44357.5
2016,aug,Medical Care,473.82,Midwest,Pre-COVID,419.54,45647.5
2017,aug,Medical Care,483.167,Midwest,Pre-COVID,427.81,46655.0
2018,aug,Medical Care,484.957,Midwest,Pre-COVID,429.4,47865.0
2019,aug,Medical Care,500.589,Midwest,Pre-COVID,443.24,
2020,aug,Medical Care,521.898,Midwest,Post-COVID,462.11,51440.833333333336
2021,aug,Medical Care,523.732,Midwest,Post-COVID,463.73,53044.166666666664
2022,aug,Medical Care,548.159,Midwest,Post-COVID,485.36,56114.166666666664
2023,aug,Medical Care,548.062,Midwest,Post-COVID,485.27,59237.5
2024,aug,Medical Care,556.448,Midwest,Post-COVID,492.7,61460.0
2025,aug,Medical Care,572.27,Midwest,Post-COVID,506.71,64017.06259108929
2015,sep,Food at Home,231.872,Midwest,Pre-COVID,324.75,44357.5
2016,sep,Food at Home,226.091,Midwest,Pre-COVID,316.65,45647.5
2017,sep,Food at Home,226.883,Midwest,Pre-COVID,317.76,46655.0
2018,sep,Food at Home,226.373,Midwest,Pre-COVID,317.05,47865.0
2019,sep,Food at Home,227.677,Midwest,Pre-COVID,318.87,
2020,sep,Food at Home,232.725,Midwest,Post-COVID,325.94,51440.833333333336
2021,sep,Food at Home,245.802,Midwest,Post-COVID,344.26,53044.166666666664
2022,sep,Food at Home,281.284,Midwest,Post-COVID,393.95,56114.166666666664
2023,sep,Food at Home,288.729,Midwest,Post-COVID,404.38,59237.5
2024,sep,Food at Home,292.066,Midwest,Post-COVID,409.06,61460.0
2025,sep,Food at Home,,Midwest,Post-COVID,,64017.06259108929
2015,sep,Food Away From Home,256.469,Midwest,Pre-COVID,254.17,44357.5
2016,sep,Food Away From Home,262.834,Midwest,Pre-COVID,260.47,45647.5
2017,sep,Food Away From Home,266.908,Midwest,Pre-COVID,264.51,46655.0
2018,sep,Food Away From Home,272.852,Midwest,Pre-COVID,270.4,47865.0
2019,sep,Food Away From Home,280.653,Midwest,Pre-COVID,278.13,
2020,sep,Food Away From Home,291.003,Midwest,Post-COVID,288.39,51440.833333333336
2021,sep,Food Away From Home,306.56,Midwest,Post-COVID,303.81,53044.166666666664
2022,sep,Food Away From Home,336.646,Midwest,Post-COVID,333.62,56114.166666666664
2023,sep,Food Away From Home,352.499,Midwest,Post-COVID,349.33,59237.5
2024,sep,Food Away From Home,364.579,Midwest,Post-COVID,361.31,61460.0
2025,sep,Food Away From Home,,Midwest,Post-COVID,,64017.06259108929
2015,sep,Energy,196.4,Midwest,Pre-COVID,275.83,44357.5
2016,sep,Energy,191.573,Midwest,Pre-COVID,269.05,45647.5
2017,sep,Energy,205.385,Midwest,Pre-COVID,288.45,46655.0
2018,sep,Energy,217.523,Midwest,Pre-COVID,305.5,47865.0
2019,sep,Energy,204.625,Midwest,Pre-COVID,287.38,
2020,sep,Energy,187.227,Midwest,Post-COVID,262.95,51440.833333333336
2021,sep,Energy,238.393,Midwest,Post-COVID,334.81,53044.166666666664
2022,sep,Energy,285.462,Midwest,Post-COVID,400.92,56114.166666666664
2023,sep,Energy,268.255,Midwest,Post-COVID,376.75,59237.5
2024,sep,Energy,252.351,Midwest,Post-COVID,354.41,61460.0
2025,sep,Energy,,Midwest,Post-COVID,,64017.06259108929
2015,sep,Shelter,250.435,Midwest,Pre-COVID,1375.17,44357.5
2016,sep,Shelter,257.954,Midwest,Pre-COVID,1416.45,45647.5
2017,sep,Shelter,264.066,Midwest,Pre-COVID,1450.02,46655.0
2018,sep,Shelter,272.185,Midwest,Pre-COVID,1494.6,47865.0
2019,sep,Shelter,281.723,Midwest,Pre-COVID,1546.97,
2020,sep,Shelter,286.953,Midwest,Post-COVID,1575.69,51440.833333333336
2021,sep,Shelter,297.995,Midwest,Post-COVID,1636.32,53044.166666666664
2022,sep,Shelter,313.166,Midwest,Post-COVID,1719.63,56114.166666666664
2023,sep,Shelter,336.337,Midwest,Post-COVID,1846.86,59237.5
2024,sep,Shelter,355.991,Midwest,Post-COVID,1954.79,61460.0
2025,sep,Shelter,,Midwest,Post-COVID,,64017.06259108929
2015,sep,Medical Care,451.793,Midwest,Pre-COVID,399.58,44357.5
2016,sep,Medical Care,474.779,Midwest,Pre-COVID,419.91,45647.5
2017,sep,Medical Care,478.861,Midwest,Pre-COVID,423.52,46655.0
2018,sep,Medical Care,485.951,Midwest,Pre-COVID,429.79,47865.0
2019,sep,Medical Care,500.625,Midwest,Pre-COVID,442.77,
2020,sep,Medical Care,522.679,Midwest,Post-COVID,462.28,51440.833333333336
2021,sep,Medical Care,521.982,Midwest,Post-COVID,461.66,53044.166666666664
2022,sep,Medical Care,550.779,Midwest,Post-COVID,487.13,56114.166666666664
2023,sep,Medical Care,546.539,Midwest,Post-COVID,483.38,59237.5
2024,sep,Medical Care,558.85,Midwest,Post-COVID,494.27,61460.0
2025,sep,Medical Care,,Midwest,Post-COVID,,64017.06259108929
2015,oct,Food at Home,231.063,Midwest,Pre-COVID,324.75,44357.5
2016,oct,Food at Home,226.418,Midwest,Pre-COVID,318.22,45647.5
2017,oct,Food at Home,227.606,Midwest,Pre-COVID,319.89,46655.0
2018,oct,Food at Home,226.052,Midwest,Pre-COVID,317.71,47865.0
2019,oct,Food at Home,227.603,Midwest,Pre-COVID,319.89,
2020,oct,Food at Home,234.245,Midwest,Post-COVID,329.22,51440.833333333336
2021,oct,Food at Home,249.139,Midwest,Post-COVID,350.16,53044.166666666664
2022,oct,Food at Home,282.059,Midwest,Post-COVID,396.42,56114.166666666664
2023,oct,Food at Home,288.13,Midwest,Post-COVID,404.96,59237.5
2024,oct,Food at Home,292.313,Midwest,Post-COVID,410.83,61460.0
2025,oct,Food at Home,,Midwest,Post-COVID,,64017.06259108929
2015,oct,Food Away From Home,256.751,Midwest,Pre-COVID,254.17,44357.5
2016,oct,Food Away From Home,263.39,Midwest,Pre-COVID,260.74,45647.5
2017,oct,Food Away From Home,267.849,Midwest,Pre-COVID,265.15,46655.0
2018,oct,Food Away From Home,273.635,Midwest,Pre-COVID,270.88,47865.0
2019,oct,Food Away From Home,281.449,Midwest,Pre-COVID,278.62,
2020,oct,Food Away From Home,291.593,Midwest,Post-COVID,288.66,51440.833333333336
2021,oct,Food Away From Home,307.993,Midwest,Post-COVID,304.89,53044.166666666664
2022,oct,Food Away From Home,338.681,Midwest,Post-COVID,335.27,56114.166666666664
2023,oct,Food Away From Home,354.347,Midwest,Post-COVID,350.78,59237.5
2024,oct,Food Away From Home,365.086,Midwest,Post-COVID,361.41,61460.0
2025,oct,Food Away From Home,,Midwest,Post-COVID,,64017.06259108929
2015,oct,Energy,192.789,Midwest,Pre-COVID,275.83,44357.5
2016,oct,Energy,187.192,Midwest,Pre-COVID,267.83,45647.5
2017,oct,Energy,196.531,Midwest,Pre-COVID,281.19,46655.0
2018,oct,Energy,212.364,Midwest,Pre-COVID,303.84,47865.0
2019,oct,Energy,201.417,Midwest,Pre-COVID,288.18,
2020,oct,Energy,182.841,Midwest,Post-COVID,261.6,51440.833333333336
2021,oct,Energy,243.658,Midwest,Post-COVID,348.61,53044.166666666664
2022,oct,Energy,283.218,Midwest,Post-COVID,405.21,56114.166666666664
2023,oct,Energy,254.858,Midwest,Post-COVID,364.64,59237.5
2024,oct,Energy,247.821,Midwest,Post-COVID,354.57,61460.0
2025,oct,Energy,,Midwest,Post-COVID,,64017.06259108929
2015,oct,Shelter,250.776,Midwest,Pre-COVID,1375.17,44357.5
2016,oct,Shelter,257.898,Midwest,Pre-COVID,1414.22,45647.5
2017,oct,Shelter,264.438,Midwest,Pre-COVID,1450.08,46655.0
2018,oct,Shelter,273.686,Midwest,Pre-COVID,1500.8,47865.0
2019,oct,Shelter,281.992,Midwest,Pre-COVID,1546.34,
2020,oct,Shelter,287.428,Midwest,Post-COVID,1576.15,51440.833333333336
2021,oct,Shelter,299.37,Midwest,Post-COVID,1641.64,53044.166666666664
2022,oct,Shelter,315.262,Midwest,Post-COVID,1728.79,56114.166666666664
2023,oct,Shelter,337.211,Midwest,Post-COVID,1849.15,59237.5
2024,oct,Shelter,356.519,Midwest,Post-COVID,1955.02,61460.0
2025,oct,Shelter,,Midwest,Post-COVID,,64017.06259108929
2015,oct,Medical Care,454.68,Midwest,Pre-COVID,399.58,44357.5
2016,oct,Medical Care,476.005,Midwest,Pre-COVID,418.32,45647.5
2017,oct,Medical Care,478.733,Midwest,Pre-COVID,420.72,46655.0
2018,oct,Medical Care,486.365,Midwest,Pre-COVID,427.43,47865.0
2019,oct,Medical Care,508.101,Midwest,Pre-COVID,446.53,
2020,oct,Medical Care,520.319,Midwest,Post-COVID,457.27,51440.833333333336
2021,oct,Medical Care,523.379,Midwest,Post-COVID,459.96,53044.166666666664
2022,oct,Medical Care,548.934,Midwest,Post-COVID,482.42,56114.166666666664
2023,oct,Medical Care,549.901,Midwest,Post-COVID,483.27,59237.5
2024,oct,Medical Care,560.15,Midwest,Post-COVID,492.27,61460.0
2025,oct,Medical Care,,Midwest,Post-COVID,,64017.06259108929
2015,nov,Food at Home,229.217,Midwest,Pre-COVID,324.75,44357.5
2016,nov,Food at Home,224.801,Midwest,Pre-COVID,318.49,45647.5
2017,nov,Food at Home,226.388,Midwest,Pre-COVID,320.74,46655.0
2018,nov,Food at Home,224.384,Midwest,Pre-COVID,317.9,47865.0
2019,nov,Food at Home,227.343,Midwest,Pre-COVID,322.09,
2020,nov,Food at Home,232.725,Midwest,Post-COVID,329.72,51440.833333333336
2021,nov,Food at Home,249.142,Midwest,Post-COVID,352.98,53044.166666666664
2022,nov,Food at Home,282.201,Midwest,Post-COVID,399.82,56114.166666666664
2023,nov,Food at Home,286.562,Midwest,Post-COVID,406.0,59237.5
2024,nov,Food at Home,292.523,Midwest,Post-COVID,414.44,61460.0
2025,nov,Food at Home,,Midwest,Post-COVID,,64017.06259108929
2015,nov,Food Away From Home,257.145,Midwest,Pre-COVID,254.17,44357.5
2016,nov,Food Away From Home,263.583,Midwest,Pre-COVID,260.53,45647.5
2017,nov,Food Away From Home,268.29,Midwest,Pre-COVID,265.18,46655.0
2018,nov,Food Away From Home,274.604,Midwest,Pre-COVID,271.42,47865.0
2019,nov,Food Away From Home,282.151,Midwest,Pre-COVID,278.88,
2020,nov,Food Away From Home,290.913,Midwest,Post-COVID,287.54,51440.833333333336
2021,nov,Food Away From Home,311.731,Midwest,Post-COVID,308.12,53044.166666666664
2022,nov,Food Away From Home,340.248,Midwest,Post-COVID,336.31,56114.166666666664
2023,nov,Food Away From Home,355.077,Midwest,Post-COVID,350.96,59237.5
2024,nov,Food Away From Home,365.247,Midwest,Post-COVID,361.02,61460.0
2025,nov,Food Away From Home,,Midwest,Post-COVID,,64017.06259108929
2015,nov,Energy,183.519,Midwest,Pre-COVID,275.83,44357.5
2016,nov,Energy,181.718,Midwest,Pre-COVID,273.13,45647.5
2017,nov,Energy,204.945,Midwest,Pre-COVID,308.04,46655.0
2018,nov,Energy,197.513,Midwest,Pre-COVID,296.87,47865.0
2019,nov,Energy,197.989,Midwest,Pre-COVID,297.58,
2020,nov,Energy,179.638,Midwest,Post-COVID,270.0,51440.833333333336
2021,nov,Energy,245.627,Midwest,Post-COVID,369.18,53044.166666666664
2022,nov,Energy,272.717,Midwest,Post-COVID,409.9,56114.166666666664
2023,nov,Energy,248.681,Midwest,Post-COVID,373.77,59237.5
2024,nov,Energy,240.223,Midwest,Post-COVID,361.06,61460.0
2025,nov,Energy,,Midwest,Post-COVID,,64017.06259108929
2015,nov,Shelter,251.104,Midwest,Pre-COVID,1375.17,44357.5
2016,nov,Shelter,258.337,Midwest,Pre-COVID,1414.78,45647.5
2017,nov,Shelter,264.847,Midwest,Pre-COVID,1450.43,46655.0
2018,nov,Shelter,274.129,Midwest,Pre-COVID,1501.26,47865.0
2019,nov,Shelter,281.961,Midwest,Pre-COVID,1544.15,
2020,nov,Shelter,287.663,Midwest,Post-COVID,1575.38,51440.833333333336
2021,nov,Shelter,300.638,Midwest,Post-COVID,1646.44,53044.166666666664
2022,nov,Shelter,317.131,Midwest,Post-COVID,1736.76,56114.166666666664
2023,nov,Shelter,338.643,Midwest,Post-COVID,1854.57,59237.5
2024,nov,Shelter,357.747,Midwest,Post-COVID,1959.2,61460.0
2025,nov,Shelter,,Midwest,Post-COVID,,64017.06259108929
2015,nov,Medical Care,456.198,Midwest,Pre-COVID,399.58,44357.5
2016,nov,Medical Care,477.271,Midwest,Pre-COVID,418.04,45647.5
2017,nov,Medical Care,479.998,Midwest,Pre-COVID,420.43,46655.0
2018,nov,Medical Care,487.769,Midwest,Pre-COVID,427.24,47865.0
2019,nov,Medical Care,507.577,Midwest,Pre-COVID,444.59,
2020,nov,Medical Care,519.503,Midwest,Post-COVID,455.03,51440.833333333336
2021,nov,Medical Care,524.39,Midwest,Post-COVID,459.31,53044.166666666664
2022,nov,Medical Care,548.459,Midwest,Post-COVID,480.39,56114.166666666664
2023,nov,Medical Care,551.49,Midwest,Post-COVID,483.05,59237.5
2024,nov,Medical Care,560.81,Midwest,Post-COVID,491.21,61460.0
2025,nov,Medical Care,,Midwest,Post-COVID,,64017.06259108929
2015,dec,Food at Home,229.594,Midwest,Pre-COVID,324.75,44357.5
2016,dec,Food at Home,224.151,Midwest,Pre-COVID,317.05,45647.5
2017,dec,Food at Home,225.452,Midwest,Pre-COVID,318.89,46655.0
2018,dec,Food at Home,224.499,Midwest,Pre-COVID,317.54,47865.0
2019,dec,Food at Home,227.074,Midwest,Pre-COVID,321.19,
2020,dec,Food at Home,233.262,Midwest,Post-COVID,329.94,51440.833333333336
2021,dec,Food at Home,250.622,Midwest,Post-COVID,354.49,53044.166666666664
2022,dec,Food at Home,283.1,Midwest,Post-COVID,400.43,56114.166666666664
2023,dec,Food at Home,287.002,Midwest,Post-COVID,405.95,59237.5
2024,dec,Food at Home,291.229,Midwest,Post-COVID,411.93,61460.0
2025,dec,Food at Home,,Midwest,Post-COVID,,64017.06259108929
2015,dec,Food Away From Home,257.281,Midwest,Pre-COVID,254.17,44357.5
2016,dec,Food Away From Home,263.767,Midwest,Pre-COVID,260.57,45647.5
2017,dec,Food Away From Home,268.849,Midwest,Pre-COVID,265.59,46655.0
2018,dec,Food Away From Home,275.44,Midwest,Pre-COVID,272.11,47865.0
2019,dec,Food Away From Home,283.025,Midwest,Pre-COVID,279.6,
2020,dec,Food Away From Home,291.304,Midwest,Post-COVID,287.78,51440.833333333336
2021,dec,Food Away From Home,313.604,Midwest,Post-COVID,309.81,53044.166666666664
2022,dec,Food Away From Home,341.267,Midwest,Post-COVID,337.14,56114.166666666664
2023,dec,Food Away From Home,355.446,Midwest,Post-COVID,351.14,59237.5
2024,dec,Food Away From Home,366.314,Midwest,Post-COVID,361.88,61460.0
2025,dec,Food Away From Home,,Midwest,Post-COVID,,64017.06259108929
2015,dec,Energy,172.607,Midwest,Pre-COVID,275.83,44357.5
2016,dec,Energy,186.581,Midwest,Pre-COVID,298.16,45647.5
2017,dec,Energy,197.85,Midwest,Pre-COVID,316.17,46655.0
2018,dec,Energy,188.207,Midwest,Pre-COVID,300.76,47865.0
2019,dec,Energy,198.773,Midwest,Pre-COVID,317.65,
2020,dec,Energy,184.125,Midwest,Post-COVID,294.24,51440.833333333336
2021,dec,Energy,240.486,Midwest,Post-COVID,384.31,53044.166666666664
2022,dec,Energy,253.118,Midwest,Post-COVID,404.49,56114.166666666664
2023,dec,Energy,238.716,Midwest,Post-COVID,381.48,59237.5
2024,dec,Energy,243.448,Midwest,Post-COVID,389.04,61460.0
2025,dec,Energy,,Midwest,Post-COVID,,64017.06259108929
2015,dec,Shelter,251.159,Midwest,Pre-COVID,1375.17,44357.5
2016,dec,Shelter,258.348,Midwest,Pre-COVID,1414.53,45647.5
2017,dec,Shelter,265.446,Midwest,Pre-COVID,1453.39,46655.0
2018,dec,Shelter,274.41,Midwest,Pre-COVID,1502.47,47865.0
2019,dec,Shelter,283.184,Midwest,Pre-COVID,1550.51,
2020,dec,Shelter,288.195,Midwest,Post-COVID,1577.95,51440.833333333336
2021,dec,Shelter,301.055,Midwest,Post-COVID,1648.36,53044.166666666664
2022,dec,Shelter,319.195,Midwest,Post-COVID,1747.68,56114.166666666664
2023,dec,Shelter,340.12,Midwest,Post-COVID,1862.25,59237.5
2024,dec,Shelter,358.975,Midwest,Post-COVID,1965.49,61460.0
2025,dec,Shelter,,Midwest,Post-COVID,,64017.06259108929
2015,dec,Medical Care,456.158,Midwest,Pre-COVID,399.58,44357.5
2016,dec,Medical Care,477.476,Midwest,Pre-COVID,418.26,45647.5
2017,dec,Medical Care,480.251,Midwest,Pre-COVID,420.69,46655.0
2018,dec,Medical Care,487.717,Midwest,Pre-COVID,427.23,47865.0
2019,dec,Medical Care,505.493,Midwest,Pre-COVID,442.8,
2020,dec,Medical Care,518.433,Midwest,Post-COVID,454.13,51440.833333333336
2021,dec,Medical Care,527.708,Midwest,Post-COVID,462.26,53044.166666666664
2022,dec,Medical Care,546.667,Midwest,Post-COVID,478.87,56114.166666666664
2023,dec,Medical Care,549.769,Midwest,Post-COVID,481.58,59237.5
2024,dec,Medical Care,562.21,Midwest,Post-COVID,492.48,61460.0
2025,dec,Medical Care,,Midwest,Post-COVID,,64017.06259108929
2015,jan,Food at Home,241.728,South,Pre-COVID,331.0,45784.117647058825
2016,jan,Food at Home,239.421,South,Pre-COVID,327.84,46884.705882352944
2017,jan,Food at Home,236.101,South,Pre-COVID,323.29,47828.23529411765
2018,jan,Food at Home,238.422,South,Pre-COVID,326.47,48918.23529411765
2019,jan,Food at Home,239.698,South,Pre-COVID,328.22,
2020,jan,Food at Home,240.809,South,Post-COVID,329.74,52548.82352941176
2021,jan,Food at Home,249.764,South,Post-COVID,342.0,54384.117647058825
2022,jan,Food at Home,267.58,South,Post-COVID,366.4,57502.35294117647
2023,jan,Food at Home,299.3,South,Post-COVID,409.83,60820.0
2024,jan,Food at Home,301.893,South,Post-COVID,413.38,63161.17647058824
2025,jan,Food at Home,308.419,South,Post-COVID,422.32,65753.23597589921
2015,jan,Food Away From Home,255.943,South,Pre-COVID,260.0,45784.117647058825
2016,jan,Food Away From Home,262.498,South,Pre-COVID,266.66,46884.705882352944
2017,jan,Food Away From Home,267.82,South,Pre-COVID,272.07,47828.23529411765
2018,jan,Food Away From Home,272.97,South,Pre-COVID,277.3,48918.23529411765
2019,jan,Food Away From Home,280.009,South,Pre-COVID,284.45,
2020,jan,Food Away From Home,287.598,South,Post-COVID,292.16,52548.82352941176
2021,jan,Food Away From Home,297.93,South,Post-COVID,302.65,54384.117647058825
2022,jan,Food Away From Home,315.411,South,Post-COVID,320.41,57502.35294117647
2023,jan,Food Away From Home,340.027,South,Post-COVID,345.42,60820.0
2024,jan,Food Away From Home,358.053,South,Post-COVID,363.73,63161.17647058824
2025,jan,Food Away From Home,369.651,South,Post-COVID,375.51,65753.23597589921
2015,jan,Energy,182.897,South,Pre-COVID,284.25,45784.117647058825
2016,jan,Energy,167.911,South,Pre-COVID,260.96,46884.705882352944
2017,jan,Energy,188.535,South,Pre-COVID,293.01,47828.23529411765
2018,jan,Energy,196.789,South,Pre-COVID,305.84,48918.23529411765
2019,jan,Energy,183.724,South,Pre-COVID,285.54,
2020,jan,Energy,196.064,South,Post-COVID,304.71,52548.82352941176
2021,jan,Energy,188.611,South,Post-COVID,293.13,54384.117647058825
2022,jan,Energy,236.305,South,Post-COVID,367.25,57502.35294117647
2023,jan,Energy,255.006,South,Post-COVID,396.32,60820.0
2024,jan,Energy,245.378,South,Post-COVID,381.36,63161.17647058824
2025,jan,Energy,247.205,South,Post-COVID,384.19,65753.23597589921
2015,jan,Shelter,247.197,South,Pre-COVID,1407.08,45784.117647058825
2016,jan,Shelter,254.654,South,Pre-COVID,1449.53,46884.705882352944
2017,jan,Shelter,261.775,South,Pre-COVID,1490.06,47828.23529411765
2018,jan,Shelter,270.413,South,Pre-COVID,1539.23,48918.23529411765
2019,jan,Shelter,277.768,South,Pre-COVID,1581.1,
2020,jan,Shelter,286.674,South,Post-COVID,1631.79,52548.82352941176
2021,jan,Shelter,292.522,South,Post-COVID,1665.08,54384.117647058825
2022,jan,Shelter,306.765,South,Post-COVID,1746.15,57502.35294117647
2023,jan,Shelter,336.921,South,Post-COVID,1917.81,60820.0
2024,jan,Shelter,359.429,South,Post-COVID,2045.93,63161.17647058824
2025,jan,Shelter,375.11,South,Post-COVID,2135.18,65753.23597589921
2015,jan,Medical Care,417.671,South,Pre-COVID,405.83,45784.117647058825
2016,jan,Medical Care,432.458,South,Pre-COVID,420.2,46884.705882352944
2017,jan,Medical Care,451.354,South,Pre-COVID,438.56,47828.23529411765
2018,jan,Medical Care,461.691,South,Pre-COVID,448.61,48918.23529411765
2019,jan,Medical Care,465.889,South,Pre-COVID,452.68,
2020,jan,Medical Care,481.849,South,Post-COVID,468.19,52548.82352941176
2021,jan,Medical Care,493.592,South,Post-COVID,479.6,54384.117647058825
2022,jan,Medical Care,507.582,South,Post-COVID,493.2,57502.35294117647
2023,jan,Medical Care,521.622,South,Post-COVID,506.84,60820.0
2024,jan,Medical Care,528.189,South,Post-COVID,513.22,63161.17647058824
2025,jan,Medical Care,540.213,South,Post-COVID,524.9,65753.23597589921
2015,feb,Food at Home,242.165,South,Pre-COVID,331.0,45784.117647058825
2016,feb,Food at Home,240.21,South,Pre-COVID,328.33,46884.705882352944
2017,feb,Food at Home,236.647,South,Pre-COVID,323.46,47828.23529411765
2018,feb,Food at Home,237.191,South,Pre-COVID,324.2,48918.23529411765
2019,feb,Food at Home,239.87,South,Pre-COVID,327.86,
2020,feb,Food at Home,241.229,South,Post-COVID,329.72,52548.82352941176
2021,feb,Food at Home,251.276,South,Post-COVID,343.45,54384.117647058825
2022,feb,Food at Home,271.047,South,Post-COVID,370.48,57502.35294117647
2023,feb,Food at Home,300.089,South,Post-COVID,410.17,60820.0
2024,feb,Food at Home,303.445,South,Post-COVID,414.76,63161.17647058824
2025,feb,Food at Home,309.178,South,Post-COVID,422.6,65753.23597589921
2015,feb,Food Away From Home,256.901,South,Pre-COVID,260.0,45784.117647058825
2016,feb,Food Away From Home,262.719,South,Pre-COVID,265.89,46884.705882352944
2017,feb,Food Away From Home,267.916,South,Pre-COVID,271.15,47828.23529411765
2018,feb,Food Away From Home,273.685,South,Pre-COVID,276.99,48918.23529411765
2019,feb,Food Away From Home,281.561,South,Pre-COVID,284.96,
2020,feb,Food Away From Home,288.107,South,Post-COVID,291.58,52548.82352941176
2021,feb,Food Away From Home,297.797,South,Post-COVID,301.39,54384.117647058825
2022,feb,Food Away From Home,317.675,South,Post-COVID,321.51,57502.35294117647
2023,feb,Food Away From Home,342.563,South,Post-COVID,346.7,60820.0
2024,feb,Food Away From Home,358.82,South,Post-COVID,363.15,63161.17647058824
2025,feb,Food Away From Home,371.15,South,Post-COVID,375.63,65753.23597589921
2015,feb,Energy,186.545,South,Pre-COVID,284.25,45784.117647058825
2016,feb,Energy,161.619,South,Pre-COVID,246.27,46884.705882352944
2017,feb,Energy,186.545,South,Pre-COVID,284.25,47828.23529411765
2018,feb,Energy,200.074,South,Pre-COVID,304.86,48918.23529411765
2019,feb,Energy,187.002,South,Pre-COVID,284.95,
2020,feb,Energy,190.334,South,Post-COVID,290.02,52548.82352941176
2021,feb,Energy,195.501,South,Post-COVID,297.9,54384.117647058825
2022,feb,Energy,246.813,South,Post-COVID,376.08,57502.35294117647
2023,feb,Energy,255.361,South,Post-COVID,389.11,60820.0
2024,feb,Energy,252.118,South,Post-COVID,384.17,63161.17647058824
2025,feb,Energy,248.242,South,Post-COVID,378.26,65753.23597589921
2015,feb,Shelter,247.887,South,Pre-COVID,1407.08,45784.117647058825
2016,feb,Shelter,254.928,South,Pre-COVID,1447.05,46884.705882352944
2017,feb,Shelter,262.56,South,Pre-COVID,1490.37,47828.23529411765
2018,feb,Shelter,270.759,South,Pre-COVID,1536.91,48918.23529411765
2019,feb,Shelter,278.981,South,Pre-COVID,1583.58,
2020,feb,Shelter,287.476,South,Post-COVID,1631.8,52548.82352941176
2021,feb,Shelter,293.177,South,Post-COVID,1664.16,54384.117647058825
2022,feb,Shelter,308.941,South,Post-COVID,1753.64,57502.35294117647
2023,feb,Shelter,339.967,South,Post-COVID,1929.76,60820.0
2024,feb,Shelter,361.886,South,Post-COVID,2054.18,63161.17647058824
2025,feb,Shelter,375.491,South,Post-COVID,2131.4,65753.23597589921
2015,feb,Medical Care,420.167,South,Pre-COVID,405.83,45784.117647058825
2016,feb,Medical Care,435.89,South,Pre-COVID,421.02,46884.705882352944
2017,feb,Medical Care,458.149,South,Pre-COVID,442.52,47828.23529411765
2018,feb,Medical Care,464.905,South,Pre-COVID,449.05,48918.23529411765
2019,feb,Medical Care,468.571,South,Pre-COVID,452.59,
2020,feb,Medical Care,482.705,South,Post-COVID,466.24,52548.82352941176
2021,feb,Medical Care,496.035,South,Post-COVID,479.11,54384.117647058825
2022,feb,Medical Care,509.264,South,Post-COVID,491.89,57502.35294117647
2023,feb,Medical Care,521.41,South,Post-COVID,503.62,60820.0
2024,feb,Medical Care,528.925,South,Post-COVID,510.88,63161.17647058824
2025,feb,Medical Care,541.981,South,Post-COVID,523.49,65753.23597589921
2015,mar,Food at Home,240.999,South,Pre-COVID,331.0,45784.117647058825
2016,mar,Food at Home,239.226,South,Pre-COVID,328.56,46884.705882352944
2017,mar,Food at Home,236.434,South,Pre-COVID,324.73,47828.23529411765
2018,mar,Food at Home,236.789,South,Pre-COVID,325.22,48918.23529411765
2019,mar,Food at Home,240.947,South,Pre-COVID,330.93,
2020,mar,Food at Home,242.822,South,Post-COVID,333.5,52548.82352941176
2021,mar,Food at Home,251.902,South,Post-COVID,345.97,54384.117647058825
2022,mar,Food at Home,275.222,South,Post-COVID,378.0,57502.35294117647
2023,mar,Food at Home,299.503,South,Post-COVID,411.35,60820.0
2024,mar,Food at Home,303.61,South,Post-COVID,416.99,63161.17647058824
2025,mar,Food at Home,309.531,South,Post-COVID,425.13,65753.23597589921
2015,mar,Food Away From Home,257.298,South,Pre-COVID,260.0,45784.117647058825
2016,mar,Food Away From Home,263.08,South,Pre-COVID,265.84,46884.705882352944
2017,mar,Food Away From Home,268.034,South,Pre-COVID,270.85,47828.23529411765
2018,mar,Food Away From Home,273.787,South,Pre-COVID,276.66,48918.23529411765
2019,mar,Food Away From Home,281.996,South,Pre-COVID,284.96,
2020,mar,Food Away From Home,288.735,South,Post-COVID,291.77,52548.82352941176
2021,mar,Food Away From Home,296.709,South,Post-COVID,299.82,54384.117647058825
2022,mar,Food Away From Home,318.933,South,Post-COVID,322.28,57502.35294117647
2023,mar,Food Away From Home,345.117,South,Post-COVID,348.74,60820.0
2024,mar,Food Away From Home,359.756,South,Post-COVID,363.53,63161.17647058824
2025,mar,Food Away From Home,372.381,South,Post-COVID,376.29,65753.23597589921
2015,mar,Energy,191.746,South,Pre-COVID,284.25,45784.117647058825
2016,mar,Energy,168.538,South,Pre-COVID,249.85,46884.705882352944
2017,mar,Energy,186.386,South,Pre-COVID,276.3,47828.23529411765
2018,mar,Energy,197.996,South,Pre-COVID,293.52,48918.23529411765
2019,mar,Energy,198.068,South,Pre-COVID,293.62,
2020,mar,Energy,182.901,South,Post-COVID,271.14,52548.82352941176
2021,mar,Energy,208.996,South,Post-COVID,309.82,54384.117647058825
2022,mar,Energy,274.544,South,Post-COVID,406.99,57502.35294117647
2023,mar,Energy,251.71,South,Post-COVID,373.14,60820.0
2024,mar,Energy,259.962,South,Post-COVID,385.38,63161.17647058824
2025,mar,Energy,248.27,South,Post-COVID,368.04,65753.23597589921
2015,mar,Shelter,248.935,South,Pre-COVID,1407.08,45784.117647058825
2016,mar,Shelter,255.585,South,Pre-COVID,1444.67,46884.705882352944
2017,mar,Shelter,263.164,South,Pre-COVID,1487.51,47828.23529411765
2018,mar,Shelter,271.742,South,Pre-COVID,1536.0,48918.23529411765
2019,mar,Shelter,279.94,South,Pre-COVID,1582.34,
2020,mar,Shelter,287.956,South,Post-COVID,1627.65,52548.82352941176
2021,mar,Shelter,294.135,South,Post-COVID,1662.57,54384.117647058825
2022,mar,Shelter,311.085,South,Post-COVID,1758.38,57502.35294117647
2023,mar,Shelter,341.971,South,Post-COVID,1932.96,60820.0
2024,mar,Shelter,363.186,South,Post-COVID,2052.88,63161.17647058824
2025,mar,Shelter,376.747,South,Post-COVID,2129.53,65753.23597589921
2015,mar,Medical Care,421.612,South,Pre-COVID,405.83,45784.117647058825
2016,mar,Medical Care,436.755,South,Pre-COVID,420.41,46884.705882352944
2017,mar,Medical Care,457.812,South,Pre-COVID,440.68,47828.23529411765
2018,mar,Medical Care,465.888,South,Pre-COVID,448.45,48918.23529411765
2019,mar,Medical Care,468.551,South,Pre-COVID,451.02,
2020,mar,Medical Care,483.983,South,Post-COVID,465.87,52548.82352941176
2021,mar,Medical Care,497.142,South,Post-COVID,478.54,54384.117647058825
2022,mar,Medical Care,512.534,South,Post-COVID,493.35,57502.35294117647
2023,mar,Medical Care,520.611,South,Post-COVID,501.13,60820.0
2024,mar,Medical Care,529.761,South,Post-COVID,509.93,63161.17647058824
2025,mar,Medical Care,540.453,South,Post-COVID,520.23,65753.23597589921
2015,apr,Food at Home,239.926,South,Pre-COVID,331.0,45784.117647058825
2016,apr,Food at Home,239.123,South,Pre-COVID,329.89,46884.705882352944
2017,apr,Food at Home,236.706,South,Pre-COVID,326.56,47828.23529411765
2018,apr,Food at Home,237.67,South,Pre-COVID,327.89,48918.23529411765
2019,apr,Food at Home,240.477,South,Pre-COVID,331.76,
2020,apr,Food at Home,248.549,South,Post-COVID,342.9,52548.82352941176
2021,apr,Food at Home,252.429,South,Post-COVID,348.25,54384.117647058825
2022,apr,Food at Home,278.88,South,Post-COVID,384.74,57502.35294117647
2023,apr,Food at Home,300.837,South,Post-COVID,415.03,60820.0
2024,apr,Food at Home,303.54,South,Post-COVID,418.76,63161.17647058824
2025,apr,Food at Home,309.515,South,Post-COVID,427.0,65753.23597589921
2015,apr,Food Away From Home,257.813,South,Pre-COVID,260.0,45784.117647058825
2016,apr,Food Away From Home,263.298,South,Pre-COVID,265.53,46884.705882352944
2017,apr,Food Away From Home,268.415,South,Pre-COVID,270.69,47828.23529411765
2018,apr,Food Away From Home,273.864,South,Pre-COVID,276.19,48918.23529411765
2019,apr,Food Away From Home,282.804,South,Pre-COVID,285.2,
2020,apr,Food Away From Home,289.44,South,Post-COVID,291.9,52548.82352941176
2021,apr,Food Away From Home,297.504,South,Post-COVID,300.03,54384.117647058825
2022,apr,Food Away From Home,319.932,South,Post-COVID,322.65,57502.35294117647
2023,apr,Food Away From Home,347.009,South,Post-COVID,349.95,60820.0
2024,apr,Food Away From Home,360.513,South,Post-COVID,363.57,63161.17647058824
2025,apr,Food Away From Home,373.342,South,Post-COVID,376.51,65753.23597589921
2015,apr,Energy,192.447,South,Pre-COVID,284.25,45784.117647058825
2016,apr,Energy,173.868,South,Pre-COVID,256.81,46884.705882352944
2017,apr,Energy,191.389,South,Pre-COVID,282.69,47828.23529411765
2018,apr,Energy,203.877,South,Pre-COVID,301.13,48918.23529411765
2019,apr,Energy,206.745,South,Pre-COVID,305.37,
2020,apr,Energy,168.51,South,Post-COVID,248.89,52548.82352941176
2021,apr,Energy,210.474,South,Post-COVID,310.88,54384.117647058825
2022,apr,Energy,273.118,South,Post-COVID,403.4,57502.35294117647
2023,apr,Energy,259.068,South,Post-COVID,382.65,60820.0
2024,apr,Energy,263.563,South,Post-COVID,389.29,63161.17647058824
2025,apr,Energy,252.272,South,Post-COVID,372.61,65753.23597589921
2015,apr,Shelter,249.515,South,Pre-COVID,1407.08,45784.117647058825
2016,apr,Shelter,256.29,South,Pre-COVID,1445.29,46884.705882352944
2017,apr,Shelter,263.641,South,Pre-COVID,1486.74,47828.23529411765
2018,apr,Shelter,272.593,South,Pre-COVID,1537.23,48918.23529411765
2019,apr,Shelter,280.555,South,Pre-COVID,1582.13,
2020,apr,Shelter,287.776,South,Post-COVID,1622.85,52548.82352941176
2021,apr,Shelter,295.035,South,Post-COVID,1663.78,54384.117647058825
2022,apr,Shelter,312.814,South,Post-COVID,1764.04,57502.35294117647
2023,apr,Shelter,344.203,South,Post-COVID,1941.05,60820.0
2024,apr,Shelter,364.032,South,Post-COVID,2052.88,63161.17647058824
2025,apr,Shelter,377.595,South,Post-COVID,2129.36,65753.23597589921
2015,apr,Medical Care,422.149,South,Pre-COVID,405.83,45784.117647058825
2016,apr,Medical Care,437.48,South,Pre-COVID,420.57,46884.705882352944
2017,apr,Medical Care,455.471,South,Pre-COVID,437.87,47828.23529411765
2018,apr,Medical Care,465.488,South,Pre-COVID,447.5,48918.23529411765
2019,apr,Medical Care,470.483,South,Pre-COVID,452.3,
2020,apr,Medical Care,486.703,South,Post-COVID,467.89,52548.82352941176
2021,apr,Medical Care,495.347,South,Post-COVID,476.2,54384.117647058825
2022,apr,Medical Care,513.192,South,Post-COVID,493.36,57502.35294117647
2023,apr,Medical Care,519.128,South,Post-COVID,499.06,60820.0
2024,apr,Medical Care,529.696,South,Post-COVID,509.22,63161.17647058824
2025,apr,Medical Care,543.438,South,Post-COVID,522.43,65753.23597589921
2015,may,Food at Home,239.835,South,Pre-COVID,331.0,45784.117647058825
2016,may,Food at Home,237.93,South,Pre-COVID,328.37,46884.705882352944
2017,may,Food at Home,237.274,South,Pre-COVID,327.47,47828.23529411765
2018,may,Food at Home,237.315,South,Pre-COVID,327.52,48918.23529411765
2019,may,Food at Home,239.622,South,Pre-COVID,330.71,
2020,may,Food at Home,250.905,South,Post-COVID,346.28,52548.82352941176
2021,may,Food at Home,252.843,South,Post-COVID,348.95,54384.117647058825
2022,may,Food at Home,282.376,South,Post-COVID,389.71,57502.35294117647
2023,may,Food at Home,300.736,South,Post-COVID,415.05,60820.0
2024,may,Food at Home,303.623,South,Post-COVID,419.03,63161.17647058824
2025,may,Food at Home,310.189,South,Post-COVID,428.1,65753.23597589921
2015,may,Food Away From Home,258.529,South,Pre-COVID,260.0,45784.117647058825
2016,may,Food Away From Home,263.683,South,Pre-COVID,265.18,46884.705882352944
2017,may,Food Away From Home,269.289,South,Pre-COVID,270.82,47828.23529411765
2018,may,Food Away From Home,274.544,South,Pre-COVID,276.11,48918.23529411765
2019,may,Food Away From Home,283.012,South,Pre-COVID,284.62,
2020,may,Food Away From Home,290.28,South,Post-COVID,291.93,52548.82352941176
2021,may,Food Away From Home,298.872,South,Post-COVID,300.57,54384.117647058825
2022,may,Food Away From Home,321.619,South,Post-COVID,323.45,57502.35294117647
2023,may,Food Away From Home,348.234,South,Post-COVID,350.22,60820.0
2024,may,Food Away From Home,361.542,South,Post-COVID,363.6,63161.17647058824
2025,may,Food Away From Home,374.616,South,Post-COVID,376.75,65753.23597589921
2015,may,Energy,200.71,South,Pre-COVID,284.25,45784.117647058825
2016,may,Energy,180.957,South,Pre-COVID,256.28,46884.705882352944
2017,may,Energy,189.473,South,Pre-COVID,268.34,47828.23529411765
2018,may,Energy,210.18,South,Pre-COVID,297.66,48918.23529411765
2019,may,Energy,206.597,South,Pre-COVID,292.59,
2020,may,Energy,165.4,South,Post-COVID,234.24,52548.82352941176
2021,may,Energy,216.066,South,Post-COVID,306.0,54384.117647058825
2022,may,Energy,289.645,South,Post-COVID,410.2,57502.35294117647
2023,may,Energy,253.052,South,Post-COVID,358.38,60820.0
2024,may,Energy,262.361,South,Post-COVID,371.56,63161.17647058824
2025,may,Energy,251.106,South,Post-COVID,355.62,65753.23597589921
2015,may,Shelter,249.802,South,Pre-COVID,1407.08,45784.117647058825
2016,may,Shelter,257.15,South,Pre-COVID,1448.47,46884.705882352944
2017,may,Shelter,264.371,South,Pre-COVID,1489.15,47828.23529411765
2018,may,Shelter,273.314,South,Pre-COVID,1539.52,48918.23529411765
2019,may,Shelter,281.372,South,Pre-COVID,1584.91,
2020,may,Shelter,288.376,South,Post-COVID,1624.36,52548.82352941176
2021,may,Shelter,296.073,South,Post-COVID,1667.72,54384.117647058825
2022,may,Shelter,315.381,South,Post-COVID,1776.48,57502.35294117647
2023,may,Shelter,346.781,South,Post-COVID,1953.35,60820.0
2024,may,Shelter,364.718,South,Post-COVID,2054.38,63161.17647058824
2025,may,Shelter,378.346,South,Post-COVID,2131.15,65753.23597589921
2015,may,Medical Care,423.536,South,Pre-COVID,405.83,45784.117647058825
2016,may,Medical Care,437.172,South,Pre-COVID,418.9,46884.705882352944
2017,may,Medical Care,455.545,South,Pre-COVID,436.5,47828.23529411765
2018,may,Medical Care,465.132,South,Pre-COVID,445.69,48918.23529411765
2019,may,Medical Care,471.203,South,Pre-COVID,451.51,
2020,may,Medical Care,489.782,South,Post-COVID,469.31,52548.82352941176
2021,may,Medical Care,494.859,South,Post-COVID,474.18,54384.117647058825
2022,may,Medical Care,515.023,South,Post-COVID,493.5,57502.35294117647
2023,may,Medical Care,518.728,South,Post-COVID,497.05,60820.0
2024,may,Medical Care,532.001,South,Post-COVID,509.76,63161.17647058824
2025,may,Medical Care,544.384,South,Post-COVID,521.63,65753.23597589921
2015,jun,Food at Home,240.253,South,Pre-COVID,331.0,45784.117647058825
2016,jun,Food at Home,236.877,South,Pre-COVID,326.35,46884.705882352944
2017,jun,Food at Home,236.834,South,Pre-COVID,326.29,47828.23529411765
2018,jun,Food at Home,237.459,South,Pre-COVID,327.15,48918.23529411765
2019,jun,Food at Home,238.216,South,Pre-COVID,328.19,
2020,jun,Food at Home,253.705,South,Post-COVID,349.53,52548.82352941176
2021,jun,Food at Home,255.234,South,Post-COVID,351.64,54384.117647058825
2022,jun,Food at Home,285.549,South,Post-COVID,393.4,57502.35294117647
2023,jun,Food at Home,299.741,South,Post-COVID,412.96,60820.0
2024,jun,Food at Home,303.94,South,Post-COVID,418.74,63161.17647058824
2025,jun,Food at Home,310.1,South,Post-COVID,427.23,65753.23597589921
2015,jun,Food Away From Home,259.094,South,Pre-COVID,260.0,45784.117647058825
2016,jun,Food Away From Home,263.986,South,Pre-COVID,264.91,46884.705882352944
2017,jun,Food Away From Home,269.782,South,Pre-COVID,270.73,47828.23529411765
2018,jun,Food Away From Home,275.224,South,Pre-COVID,276.19,48918.23529411765
2019,jun,Food Away From Home,284.053,South,Pre-COVID,285.05,
2020,jun,Food Away From Home,290.776,South,Post-COVID,291.79,52548.82352941176
2021,jun,Food Away From Home,301.136,South,Post-COVID,302.19,54384.117647058825
2022,jun,Food Away From Home,324.482,South,Post-COVID,325.62,57502.35294117647
2023,jun,Food Away From Home,349.976,South,Post-COVID,351.2,60820.0
2024,jun,Food Away From Home,362.702,South,Post-COVID,363.97,63161.17647058824
2025,jun,Food Away From Home,376.77,South,Post-COVID,378.09,65753.23597589921
2015,jun,Energy,209.641,South,Pre-COVID,284.25,45784.117647058825
2016,jun,Energy,188.961,South,Pre-COVID,256.21,46884.705882352944
2017,jun,Energy,192.109,South,Pre-COVID,260.48,47828.23529411765
2018,jun,Energy,213.119,South,Pre-COVID,288.97,48918.23529411765
2019,jun,Energy,201.518,South,Pre-COVID,273.24,
2020,jun,Energy,176.191,South,Post-COVID,238.9,52548.82352941176
2021,jun,Energy,219.706,South,Post-COVID,297.9,54384.117647058825
2022,jun,Energy,311.62,South,Post-COVID,422.52,57502.35294117647
2023,jun,Energy,256.869,South,Post-COVID,348.29,60820.0
2024,jun,Energy,260.366,South,Post-COVID,353.03,63161.17647058824
2025,jun,Energy,254.699,South,Post-COVID,345.34,65753.23597589921
2015,jun,Shelter,250.743,South,Pre-COVID,1407.08,45784.117647058825
2016,jun,Shelter,257.928,South,Pre-COVID,1447.4,46884.705882352944
2017,jun,Shelter,265.464,South,Pre-COVID,1489.69,47828.23529411765
2018,jun,Shelter,273.607,South,Pre-COVID,1535.39,48918.23529411765
2019,jun,Shelter,282.573,South,Pre-COVID,1585.7,
2020,jun,Shelter,288.558,South,Post-COVID,1619.29,52548.82352941176
2021,jun,Shelter,297.405,South,Post-COVID,1668.93,54384.117647058825
2022,jun,Shelter,318.204,South,Post-COVID,1785.65,57502.35294117647
2023,jun,Shelter,348.221,South,Post-COVID,1954.1,60820.0
2024,jun,Shelter,365.488,South,Post-COVID,2050.99,63161.17647058824
2025,jun,Shelter,378.263,South,Post-COVID,2122.68,65753.23597589921
2015,jun,Medical Care,424.087,South,Pre-COVID,405.83,45784.117647058825
2016,jun,Medical Care,438.314,South,Pre-COVID,419.45,46884.705882352944
2017,jun,Medical Care,457.102,South,Pre-COVID,437.43,47828.23529411765
2018,jun,Medical Care,466.684,South,Pre-COVID,446.6,48918.23529411765
2019,jun,Medical Care,470.823,South,Pre-COVID,450.56,
2020,jun,Medical Care,489.332,South,Post-COVID,468.27,52548.82352941176
2021,jun,Medical Care,495.772,South,Post-COVID,474.43,54384.117647058825
2022,jun,Medical Care,519.243,South,Post-COVID,496.89,57502.35294117647
2023,jun,Medical Care,520.21,South,Post-COVID,497.82,60820.0
2024,jun,Medical Care,533.382,South,Post-COVID,510.42,63161.17647058824
2025,jun,Medical Care,546.841,South,Post-COVID,523.3,65753.23597589921
2015,jul,Food at Home,240.573,South,Pre-COVID,331.0,45784.117647058825
2016,jul,Food at Home,236.861,South,Pre-COVID,325.89,46884.705882352944
2017,jul,Food at Home,237.276,South,Pre-COVID,326.46,47828.23529411765
2018,jul,Food at Home,237.752,South,Pre-COVID,327.12,48918.23529411765
2019,jul,Food at Home,238.91,South,Pre-COVID,328.71,
2020,jul,Food at Home,250.534,South,Post-COVID,344.71,52548.82352941176
2021,jul,Food at Home,256.411,South,Post-COVID,352.79,54384.117647058825
2022,jul,Food at Home,290.092,South,Post-COVID,399.13,57502.35294117647
2023,jul,Food at Home,301.066,South,Post-COVID,414.23,60820.0
2024,jul,Food at Home,305.027,South,Post-COVID,419.68,63161.17647058824
2025,jul,Food at Home,311.025,South,Post-COVID,427.93,65753.23597589921
2015,jul,Food Away From Home,259.735,South,Pre-COVID,260.0,45784.117647058825
2016,jul,Food Away From Home,264.492,South,Pre-COVID,264.76,46884.705882352944
2017,jul,Food Away From Home,270.049,South,Pre-COVID,270.32,47828.23529411765
2018,jul,Food Away From Home,275.619,South,Pre-COVID,275.9,48918.23529411765
2019,jul,Food Away From Home,284.385,South,Pre-COVID,284.68,
2020,jul,Food Away From Home,292.021,South,Post-COVID,292.32,52548.82352941176
2021,jul,Food Away From Home,303.12,South,Post-COVID,303.43,54384.117647058825
2022,jul,Food Away From Home,326.863,South,Post-COVID,327.2,57502.35294117647
2023,jul,Food Away From Home,350.94,South,Post-COVID,351.3,60820.0
2024,jul,Food Away From Home,363.562,South,Post-COVID,363.93,63161.17647058824
2025,jul,Food Away From Home,377.892,South,Post-COVID,378.28,65753.23597589921
2015,jul,Energy,207.2,South,Pre-COVID,284.25,45784.117647058825
2016,jul,Energy,184.712,South,Pre-COVID,253.4,46884.705882352944
2017,jul,Energy,190.436,South,Pre-COVID,261.25,47828.23529411765
2018,jul,Energy,210.919,South,Pre-COVID,289.35,48918.23529411765
2019,jul,Energy,205.779,South,Pre-COVID,282.3,
2020,jul,Energy,181.487,South,Post-COVID,248.98,52548.82352941176
2021,jul,Energy,223.507,South,Post-COVID,306.62,54384.117647058825
2022,jul,Energy,297.632,South,Post-COVID,408.31,57502.35294117647
2023,jul,Energy,259.597,South,Post-COVID,356.13,60820.0
2024,jul,Energy,263.953,South,Post-COVID,362.11,63161.17647058824
2025,jul,Energy,254.927,South,Post-COVID,349.72,65753.23597589921
2015,jul,Shelter,251.494,South,Pre-COVID,1407.08,45784.117647058825
2016,jul,Shelter,258.147,South,Pre-COVID,1444.31,46884.705882352944
2017,jul,Shelter,265.614,South,Pre-COVID,1486.08,47828.23529411765
2018,jul,Shelter,274.423,South,Pre-COVID,1535.37,48918.23529411765
2019,jul,Shelter,283.058,South,Pre-COVID,1583.68,
2020,jul,Shelter,289.271,South,Post-COVID,1618.44,52548.82352941176
2021,jul,Shelter,298.781,South,Post-COVID,1671.65,54384.117647058825
2022,jul,Shelter,320.777,South,Post-COVID,1794.71,57502.35294117647
2023,jul,Shelter,349.428,South,Post-COVID,1955.01,60820.0
2024,jul,Shelter,366.744,South,Post-COVID,2051.9,63161.17647058824
2025,jul,Shelter,379.145,South,Post-COVID,2121.28,65753.23597589921
2015,jul,Medical Care,424.259,South,Pre-COVID,405.83,45784.117647058825
2016,jul,Medical Care,441.004,South,Pre-COVID,421.85,46884.705882352944
2017,jul,Medical Care,456.954,South,Pre-COVID,437.11,47828.23529411765
2018,jul,Medical Care,464.964,South,Pre-COVID,444.77,48918.23529411765
2019,jul,Medical Care,472.693,South,Pre-COVID,452.16,
2020,jul,Medical Care,491.186,South,Post-COVID,469.85,52548.82352941176
2021,jul,Medical Care,497.884,South,Post-COVID,476.26,54384.117647058825
2022,jul,Medical Care,522.121,South,Post-COVID,499.45,57502.35294117647
2023,jul,Medical Care,518.123,South,Post-COVID,495.62,60820.0
2024,jul,Medical Care,530.53,South,Post-COVID,507.49,63161.17647058824
2025,jul,Medical Care,547.622,South,Post-COVID,523.84,65753.23597589921
2015,aug,Food at Home,241.461,South,Pre-COVID,331.0,45784.117647058825
2016,aug,Food at Home,236.995,South,Pre-COVID,324.88,46884.705882352944
2017,aug,Food at Home,237.375,South,Pre-COVID,325.4,47828.23529411765
2018,aug,Food at Home,238.259,South,Pre-COVID,326.61,48918.23529411765
2019,aug,Food at Home,238.578,South,Pre-COVID,327.05,
2020,aug,Food at Home,250.281,South,Post-COVID,343.09,52548.82352941176
2021,aug,Food at Home,256.738,South,Post-COVID,351.94,54384.117647058825
2022,aug,Food at Home,291.673,South,Post-COVID,399.83,57502.35294117647
2023,aug,Food at Home,301.524,South,Post-COVID,413.34,60820.0
2024,aug,Food at Home,304.572,South,Post-COVID,417.51,63161.17647058824
2025,aug,Food at Home,311.876,South,Post-COVID,427.53,65753.23597589921
2015,aug,Food Away From Home,260.258,South,Pre-COVID,260.0,45784.117647058825
2016,aug,Food Away From Home,265.365,South,Pre-COVID,265.1,46884.705882352944
2017,aug,Food Away From Home,270.563,South,Pre-COVID,270.29,47828.23529411765
2018,aug,Food Away From Home,276.255,South,Pre-COVID,275.98,48918.23529411765
2019,aug,Food Away From Home,285.022,South,Pre-COVID,284.74,
2020,aug,Food Away From Home,292.515,South,Post-COVID,292.23,52548.82352941176
2021,aug,Food Away From Home,304.448,South,Post-COVID,304.15,54384.117647058825
2022,aug,Food Away From Home,330.085,South,Post-COVID,329.76,57502.35294117647
2023,aug,Food Away From Home,352.143,South,Post-COVID,351.79,60820.0
2024,aug,Food Away From Home,364.733,South,Post-COVID,364.37,63161.17647058824
2025,aug,Food Away From Home,379.571,South,Post-COVID,379.19,65753.23597589921
2015,aug,Energy,199.299,South,Pre-COVID,284.25,45784.117647058825
2016,aug,Energy,182.89,South,Pre-COVID,260.85,46884.705882352944
2017,aug,Energy,194.532,South,Pre-COVID,277.45,47828.23529411765
2018,aug,Energy,211.352,South,Pre-COVID,301.44,48918.23529411765
2019,aug,Energy,199.306,South,Pre-COVID,284.26,
2020,aug,Energy,180.522,South,Post-COVID,257.47,52548.82352941176
2021,aug,Energy,224.764,South,Post-COVID,320.57,54384.117647058825
2022,aug,Energy,275.588,South,Post-COVID,393.06,57502.35294117647
2023,aug,Energy,269.42,South,Post-COVID,384.26,60820.0
2024,aug,Energy,257.084,South,Post-COVID,366.67,63161.17647058824
2025,aug,Energy,254.76,South,Post-COVID,363.35,65753.23597589921
2015,aug,Shelter,251.897,South,Pre-COVID,1407.08,45784.117647058825
2016,aug,Shelter,258.699,South,Pre-COVID,1445.08,46884.705882352944
2017,aug,Shelter,266.85,South,Pre-COVID,1490.61,47828.23529411765
2018,aug,Shelter,274.581,South,Pre-COVID,1533.79,48918.23529411765
2019,aug,Shelter,283.383,South,Pre-COVID,1582.96,
2020,aug,Shelter,290.072,South,Post-COVID,1620.33,52548.82352941176
2021,aug,Shelter,299.571,South,Post-COVID,1673.39,54384.117647058825
2022,aug,Shelter,323.346,South,Post-COVID,1806.19,57502.35294117647
2023,aug,Shelter,350.941,South,Post-COVID,1960.34,60820.0
2024,aug,Shelter,368.172,South,Post-COVID,2056.59,63161.17647058824
2025,aug,Shelter,381.544,South,Post-COVID,2131.28,65753.23597589921
2015,aug,Medical Care,425.673,South,Pre-COVID,405.83,45784.117647058825
2016,aug,Medical Care,448.279,South,Pre-COVID,427.39,46884.705882352944
2017,aug,Medical Care,457.722,South,Pre-COVID,436.39,47828.23529411765
2018,aug,Medical Care,462.52,South,Pre-COVID,440.96,48918.23529411765
2019,aug,Medical Care,475.283,South,Pre-COVID,453.13,
2020,aug,Medical Care,492.367,South,Post-COVID,469.42,52548.82352941176
2021,aug,Medical Care,498.642,South,Post-COVID,475.4,54384.117647058825
2022,aug,Medical Care,524.413,South,Post-COVID,499.97,57502.35294117647
2023,aug,Medical Care,516.547,South,Post-COVID,492.47,60820.0
2024,aug,Medical Care,530.7,South,Post-COVID,505.97,63161.17647058824
2025,aug,Medical Care,546.376,South,Post-COVID,520.91,65753.23597589921
2015,sep,Food at Home,242.232,South,Pre-COVID,331.0,45784.117647058825
2016,sep,Food at Home,237.115,South,Pre-COVID,324.01,46884.705882352944
2017,sep,Food at Home,237.646,South,Pre-COVID,324.73,47828.23529411765
2018,sep,Food at Home,238.207,South,Pre-COVID,325.5,48918.23529411765
2019,sep,Food at Home,238.91,South,Pre-COVID,326.46,
2020,sep,Food at Home,249.182,South,Post-COVID,340.5,52548.82352941176
2021,sep,Food at Home,259.928,South,Post-COVID,355.18,54384.117647058825
2022,sep,Food at Home,294.198,South,Post-COVID,402.01,57502.35294117647
2023,sep,Food at Home,301.593,South,Post-COVID,412.11,60820.0
2024,sep,Food at Home,305.802,South,Post-COVID,417.87,63161.17647058824
2025,sep,Food at Home,,South,Post-COVID,,65753.23597589921
2015,sep,Food Away From Home,260.619,South,Pre-COVID,260.0,45784.117647058825
2016,sep,Food Away From Home,265.693,South,Pre-COVID,265.06,46884.705882352944
2017,sep,Food Away From Home,271.24,South,Pre-COVID,270.6,47828.23529411765
2018,sep,Food Away From Home,276.736,South,Pre-COVID,276.08,48918.23529411765
2019,sep,Food Away From Home,285.294,South,Pre-COVID,284.62,
2020,sep,Food Away From Home,293.894,South,Post-COVID,293.2,52548.82352941176
2021,sep,Food Away From Home,306.24,South,Post-COVID,305.51,54384.117647058825
2022,sep,Food Away From Home,332.769,South,Post-COVID,331.98,57502.35294117647
2023,sep,Food Away From Home,353.478,South,Post-COVID,352.64,60820.0
2024,sep,Food Away From Home,365.773,South,Post-COVID,364.9,63161.17647058824
2025,sep,Food Away From Home,,South,Post-COVID,,65753.23597589921
2015,sep,Energy,189.683,South,Pre-COVID,284.25,45784.117647058825
2016,sep,Energy,185.958,South,Pre-COVID,278.67,46884.705882352944
2017,sep,Energy,207.849,South,Pre-COVID,311.47,47828.23529411765
2018,sep,Energy,209.748,South,Pre-COVID,314.32,48918.23529411765
2019,sep,Energy,198.26,South,Pre-COVID,297.1,
2020,sep,Energy,183.065,South,Post-COVID,274.33,52548.82352941176
2021,sep,Energy,226.245,South,Post-COVID,339.04,54384.117647058825
2022,sep,Energy,265.148,South,Post-COVID,397.34,57502.35294117647
2023,sep,Energy,267.696,South,Post-COVID,401.16,60820.0
2024,sep,Energy,249.271,South,Post-COVID,373.55,63161.17647058824
2025,sep,Energy,,South,Post-COVID,,65753.23597589921
2015,sep,Shelter,252.26,South,Pre-COVID,1407.08,45784.117647058825
2016,sep,Shelter,259.223,South,Pre-COVID,1445.92,46884.705882352944
2017,sep,Shelter,267.797,South,Pre-COVID,1493.75,47828.23529411765
2018,sep,Shelter,275.119,South,Pre-COVID,1534.59,48918.23529411765
2019,sep,Shelter,284.117,South,Pre-COVID,1584.78,
2020,sep,Shelter,290.417,South,Post-COVID,1619.92,52548.82352941176
2021,sep,Shelter,301.178,South,Post-COVID,1679.94,54384.117647058825
2022,sep,Shelter,326.358,South,Post-COVID,1820.4,57502.35294117647
2023,sep,Shelter,353.24,South,Post-COVID,1970.34,60820.0
2024,sep,Shelter,369.883,South,Post-COVID,2063.17,63161.17647058824
2025,sep,Shelter,,South,Post-COVID,,65753.23597589921
2015,sep,Medical Care,426.865,South,Pre-COVID,405.83,45784.117647058825
2016,sep,Medical Care,449.332,South,Pre-COVID,427.19,46884.705882352944
2017,sep,Medical Care,457.56,South,Pre-COVID,435.02,47828.23529411765
2018,sep,Medical Care,462.251,South,Pre-COVID,439.48,48918.23529411765
2019,sep,Medical Care,475.494,South,Pre-COVID,452.07,
2020,sep,Medical Care,492.009,South,Post-COVID,467.77,52548.82352941176
2021,sep,Medical Care,498.025,South,Post-COVID,473.49,54384.117647058825
2022,sep,Medical Care,526.044,South,Post-COVID,500.13,57502.35294117647
2023,sep,Medical Care,515.166,South,Post-COVID,489.78,60820.0
2024,sep,Medical Care,535.448,South,Post-COVID,509.07,63161.17647058824
2025,sep,Medical Care,,South,Post-COVID,,65753.23597589921
2015,oct,Food at Home,242.704,South,Pre-COVID,331.0,45784.117647058825
2016,oct,Food at Home,236.767,South,Pre-COVID,322.9,46884.705882352944
2017,oct,Food at Home,238.588,South,Pre-COVID,325.39,47828.23529411765
2018,oct,Food at Home,238.189,South,Pre-COVID,324.84,48918.23529411765
2019,oct,Food at Home,240.171,South,Pre-COVID,327.55,
2020,oct,Food at Home,249.979,South,Post-COVID,340.92,52548.82352941176
2021,oct,Food at Home,263.147,South,Post-COVID,358.88,54384.117647058825
2022,oct,Food at Home,296.644,South,Post-COVID,404.56,57502.35294117647
2023,oct,Food at Home,302.858,South,Post-COVID,413.04,60820.0
2024,oct,Food at Home,307.013,South,Post-COVID,418.7,63161.17647058824
2025,oct,Food at Home,,South,Post-COVID,,65753.23597589921
2015,oct,Food Away From Home,261.397,South,Pre-COVID,260.0,45784.117647058825
2016,oct,Food Away From Home,265.836,South,Pre-COVID,264.42,46884.705882352944
2017,oct,Food Away From Home,270.779,South,Pre-COVID,269.33,47828.23529411765
2018,oct,Food Away From Home,276.53,South,Pre-COVID,275.05,48918.23529411765
2019,oct,Food Away From Home,285.649,South,Pre-COVID,284.12,
2020,oct,Food Away From Home,294.665,South,Post-COVID,293.09,52548.82352941176
2021,oct,Food Away From Home,309.069,South,Post-COVID,307.42,54384.117647058825
2022,oct,Food Away From Home,335.11,South,Post-COVID,333.32,57502.35294117647
2023,oct,Food Away From Home,354.065,South,Post-COVID,352.17,60820.0
2024,oct,Food Away From Home,366.957,South,Post-COVID,365.0,63161.17647058824
2025,oct,Food Away From Home,,South,Post-COVID,,65753.23597589921
2015,oct,Energy,182.677,South,Pre-COVID,284.25,45784.117647058825
2016,oct,Energy,184.284,South,Pre-COVID,286.75,46884.705882352944
2017,oct,Energy,196.585,South,Pre-COVID,305.89,47828.23529411765
2018,oct,Energy,210.142,South,Pre-COVID,326.99,48918.23529411765
2019,oct,Energy,197.145,South,Pre-COVID,306.76,
2020,oct,Energy,180.85,South,Post-COVID,281.41,52548.82352941176
2021,oct,Energy,233.774,South,Post-COVID,363.76,54384.117647058825
2022,oct,Energy,265.57,South,Post-COVID,413.23,57502.35294117647
2023,oct,Energy,256.235,South,Post-COVID,398.71,60820.0
2024,oct,Energy,247.333,South,Post-COVID,384.86,63161.17647058824
2025,oct,Energy,,South,Post-COVID,,65753.23597589921
2015,oct,Shelter,253.16,South,Pre-COVID,1407.08,45784.117647058825
2016,oct,Shelter,260.226,South,Pre-COVID,1446.36,46884.705882352944
2017,oct,Shelter,268.632,South,Pre-COVID,1493.08,47828.23529411765
2018,oct,Shelter,275.92,South,Pre-COVID,1533.59,48918.23529411765
2019,oct,Shelter,284.575,South,Pre-COVID,1581.69,
2020,oct,Shelter,291.148,South,Post-COVID,1618.22,52548.82352941176
2021,oct,Shelter,302.555,South,Post-COVID,1681.62,54384.117647058825
2022,oct,Shelter,328.859,South,Post-COVID,1827.82,57502.35294117647
2023,oct,Shelter,354.228,South,Post-COVID,1968.83,60820.0
2024,oct,Shelter,371.389,South,Post-COVID,2064.21,63161.17647058824
2025,oct,Shelter,,South,Post-COVID,,65753.23597589921
2015,oct,Medical Care,428.455,South,Pre-COVID,405.83,45784.117647058825
2016,oct,Medical Care,448.472,South,Pre-COVID,424.79,46884.705882352944
2017,oct,Medical Care,457.382,South,Pre-COVID,433.23,47828.23529411765
2018,oct,Medical Care,461.815,South,Pre-COVID,437.43,48918.23529411765
2019,oct,Medical Care,476.689,South,Pre-COVID,451.52,
2020,oct,Medical Care,491.017,South,Post-COVID,465.09,52548.82352941176
2021,oct,Medical Care,502.016,South,Post-COVID,475.51,54384.117647058825
2022,oct,Medical Care,524.379,South,Post-COVID,496.69,57502.35294117647
2023,oct,Medical Care,520.015,South,Post-COVID,492.56,60820.0
2024,oct,Medical Care,537.012,South,Post-COVID,508.66,63161.17647058824
2025,oct,Medical Care,,South,Post-COVID,,65753.23597589921
2015,nov,Food at Home,241.401,South,Pre-COVID,331.0,45784.117647058825
2016,nov,Food at Home,236.182,South,Pre-COVID,323.84,46884.705882352944
2017,nov,Food at Home,237.402,South,Pre-COVID,325.52,47828.23529411765
2018,nov,Food at Home,238.032,South,Pre-COVID,326.38,48918.23529411765
2019,nov,Food at Home,238.834,South,Pre-COVID,327.48,
2020,nov,Food at Home,248.472,South,Post-COVID,340.7,52548.82352941176
2021,nov,Food at Home,263.105,South,Post-COVID,360.76,54384.117647058825
2022,nov,Food at Home,296.475,South,Post-COVID,406.52,57502.35294117647
2023,nov,Food at Home,301.817,South,Post-COVID,413.84,60820.0
2024,nov,Food at Home,305.829,South,Post-COVID,419.34,63161.17647058824
2025,nov,Food at Home,,South,Post-COVID,,65753.23597589921
2015,nov,Food Away From Home,261.693,South,Pre-COVID,260.0,45784.117647058825
2016,nov,Food Away From Home,266.057,South,Pre-COVID,264.34,46884.705882352944
2017,nov,Food Away From Home,271.257,South,Pre-COVID,269.5,47828.23529411765
2018,nov,Food Away From Home,277.422,South,Pre-COVID,275.63,48918.23529411765
2019,nov,Food Away From Home,286.511,South,Pre-COVID,284.66,
2020,nov,Food Away From Home,295.68,South,Post-COVID,293.77,52548.82352941176
2021,nov,Food Away From Home,310.275,South,Post-COVID,308.27,54384.117647058825
2022,nov,Food Away From Home,337.045,South,Post-COVID,334.86,57502.35294117647
2023,nov,Food Away From Home,356.306,South,Post-COVID,354.0,60820.0
2024,nov,Food Away From Home,368.386,South,Post-COVID,366.0,63161.17647058824
2025,nov,Food Away From Home,,South,Post-COVID,,65753.23597589921
2015,nov,Energy,178.574,South,Pre-COVID,284.25,45784.117647058825
2016,nov,Energy,180.329,South,Pre-COVID,287.04,46884.705882352944
2017,nov,Energy,195.457,South,Pre-COVID,311.12,47828.23529411765
2018,nov,Energy,199.67,South,Pre-COVID,317.83,48918.23529411765
2019,nov,Energy,194.9,South,Pre-COVID,310.24,
2020,nov,Energy,178.1,South,Post-COVID,283.5,52548.82352941176
2021,nov,Energy,236.921,South,Post-COVID,377.13,54384.117647058825
2022,nov,Energy,261.005,South,Post-COVID,415.46,57502.35294117647
2023,nov,Energy,246.262,South,Post-COVID,391.99,60820.0
2024,nov,Energy,243.675,South,Post-COVID,387.88,63161.17647058824
2025,nov,Energy,,South,Post-COVID,,65753.23597589921
2015,nov,Shelter,253.487,South,Pre-COVID,1407.08,45784.117647058825
2016,nov,Shelter,260.571,South,Pre-COVID,1446.41,46884.705882352944
2017,nov,Shelter,269.154,South,Pre-COVID,1494.05,47828.23529411765
2018,nov,Shelter,276.653,South,Pre-COVID,1535.68,48918.23529411765
2019,nov,Shelter,285.14,South,Pre-COVID,1582.79,
2020,nov,Shelter,291.301,South,Post-COVID,1616.99,52548.82352941176
2021,nov,Shelter,303.697,South,Post-COVID,1685.79,54384.117647058825
2022,nov,Shelter,331.346,South,Post-COVID,1839.27,57502.35294117647
2023,nov,Shelter,355.429,South,Post-COVID,1972.95,60820.0
2024,nov,Shelter,372.316,South,Post-COVID,2066.69,63161.17647058824
2025,nov,Shelter,,South,Post-COVID,,65753.23597589921
2015,nov,Medical Care,429.361,South,Pre-COVID,405.83,45784.117647058825
2016,nov,Medical Care,448.405,South,Pre-COVID,423.83,46884.705882352944
2017,nov,Medical Care,455.694,South,Pre-COVID,430.72,47828.23529411765
2018,nov,Medical Care,464.243,South,Pre-COVID,438.8,48918.23529411765
2019,nov,Medical Care,478.888,South,Pre-COVID,452.65,
2020,nov,Medical Care,490.37,South,Post-COVID,463.5,52548.82352941176
2021,nov,Medical Care,501.88,South,Post-COVID,474.38,54384.117647058825
2022,nov,Medical Care,520.021,South,Post-COVID,491.53,57502.35294117647
2023,nov,Medical Care,521.291,South,Post-COVID,492.73,60820.0
2024,nov,Medical Care,538.135,South,Post-COVID,508.65,63161.17647058824
2025,nov,Medical Care,,South,Post-COVID,,65753.23597589921
2015,dec,Food at Home,239.762,South,Pre-COVID,331.0,45784.117647058825
2016,dec,Food at Home,235.233,South,Pre-COVID,324.75,46884.705882352944
2017,dec,Food at Home,237.328,South,Pre-COVID,327.64,47828.23529411765
2018,dec,Food at Home,238.833,South,Pre-COVID,329.72,48918.23529411765
2019,dec,Food at Home,239.527,South,Pre-COVID,330.68,
2020,dec,Food at Home,248.42,South,Post-COVID,342.95,52548.82352941176
2021,dec,Food at Home,264.292,South,Post-COVID,364.86,54384.117647058825
2022,dec,Food at Home,297.461,South,Post-COVID,410.66,57502.35294117647
2023,dec,Food at Home,301.283,South,Post-COVID,415.93,60820.0
2024,dec,Food at Home,306.954,South,Post-COVID,423.76,63161.17647058824
2025,dec,Food at Home,,South,Post-COVID,,65753.23597589921
2015,dec,Food Away From Home,261.992,South,Pre-COVID,260.0,45784.117647058825
2016,dec,Food Away From Home,266.747,South,Pre-COVID,264.72,46884.705882352944
2017,dec,Food Away From Home,272.22,South,Pre-COVID,270.15,47828.23529411765
2018,dec,Food Away From Home,279.035,South,Pre-COVID,276.91,48918.23529411765
2019,dec,Food Away From Home,287.006,South,Pre-COVID,284.82,
2020,dec,Food Away From Home,296.626,South,Post-COVID,294.37,52548.82352941176
2021,dec,Food Away From Home,312.602,South,Post-COVID,310.23,54384.117647058825
2022,dec,Food Away From Home,338.303,South,Post-COVID,335.73,57502.35294117647
2023,dec,Food Away From Home,357.099,South,Post-COVID,354.38,60820.0
2024,dec,Food Away From Home,369.237,South,Post-COVID,366.43,63161.17647058824
2025,dec,Food Away From Home,,South,Post-COVID,,65753.23597589921
2015,dec,Energy,173.686,South,Pre-COVID,284.25,45784.117647058825
2016,dec,Energy,182.769,South,Pre-COVID,299.12,46884.705882352944
2017,dec,Energy,193.046,South,Pre-COVID,315.93,47828.23529411765
2018,dec,Energy,187.659,South,Pre-COVID,307.12,48918.23529411765
2019,dec,Energy,195.4,South,Pre-COVID,319.79,
2020,dec,Energy,181.834,South,Post-COVID,297.58,52548.82352941176
2021,dec,Energy,232.871,South,Post-COVID,381.11,54384.117647058825
2022,dec,Energy,246.435,South,Post-COVID,403.31,57502.35294117647
2023,dec,Energy,243.798,South,Post-COVID,398.99,60820.0
2024,dec,Energy,242.627,South,Post-COVID,397.08,63161.17647058824
2025,dec,Energy,,South,Post-COVID,,65753.23597589921
2015,dec,Shelter,253.815,South,Pre-COVID,1407.08,45784.117647058825
2016,dec,Shelter,261.061,South,Pre-COVID,1447.25,46884.705882352944
2017,dec,Shelter,269.585,South,Pre-COVID,1494.51,47828.23529411765
2018,dec,Shelter,276.993,South,Pre-COVID,1535.58,48918.23529411765
2019,dec,Shelter,285.654,South,Pre-COVID,1583.59,
2020,dec,Shelter,291.652,South,Post-COVID,1616.84,52548.82352941176
2021,dec,Shelter,304.944,South,Post-COVID,1690.53,54384.117647058825
2022,dec,Shelter,334.068,South,Post-COVID,1851.98,57502.35294117647
2023,dec,Shelter,356.55,South,Post-COVID,1976.62,60820.0
2024,dec,Shelter,373.13,South,Post-COVID,2068.53,63161.17647058824
2025,dec,Shelter,,South,Post-COVID,,65753.23597589921
2015,dec,Medical Care,428.859,South,Pre-COVID,405.83,45784.117647058825
2016,dec,Medical Care,448.393,South,Pre-COVID,424.32,46884.705882352944
2017,dec,Medical Care,456.631,South,Pre-COVID,432.11,47828.23529411765
2018,dec,Medical Care,463.428,South,Pre-COVID,438.55,48918.23529411765
2019,dec,Medical Care,479.724,South,Pre-COVID,453.97,
2020,dec,Medical Care,489.78,South,Post-COVID,463.48,52548.82352941176
2021,dec,Medical Care,503.32,South,Post-COVID,476.3,54384.117647058825
2022,dec,Medical Care,521.499,South,Post-COVID,493.5,57502.35294117647
2023,dec,Medical Care,523.349,South,Post-COVID,495.25,60820.0
2024,dec,Medical Care,538.866,South,Post-COVID,509.93,63161.17647058824
2025,dec,Medical Care,,South,Post-COVID,,65753.23597589921
2015,jan,Food at Home,246.1,National,Pre-COVID,334.58,
2016,jan,Food at Home,248.241,National,Pre-COVID,337.49,
2017,jan,Food at Home,248.074,National,Pre-COVID,337.27,
2018,jan,Food at Home,252.109,National,Pre-COVID,342.75,
2019,jan,Food at Home,256.185,National,Pre-COVID,348.29,
2020,jan,Food at Home,260.638,National,Post-COVID,354.35,
2021,jan,Food at Home,270.26,National,Post-COVID,367.43,
2022,jan,Food at Home,288.264,National,Post-COVID,391.91,
2023,jan,Food at Home,316.705,National,Post-COVID,430.57,
2024,jan,Food at Home,324.782,National,Post-COVID,441.55,
2025,jan,Food at Home,332.696,National,Post-COVID,452.31,
2015,jan,Food Away From Home,253.037,National,Pre-COVID,262.83,
2016,jan,Food Away From Home,259.958,National,Pre-COVID,270.02,
2017,jan,Food Away From Home,266.079,National,Pre-COVID,276.38,
2018,jan,Food Away From Home,272.772,National,Pre-COVID,283.33,
2019,jan,Food Away From Home,280.38,National,Pre-COVID,291.23,
2020,jan,Food Away From Home,289.137,National,Post-COVID,300.33,
2021,jan,Food Away From Home,300.382,National,Post-COVID,312.01,
2022,jan,Food Away From Home,319.471,National,Post-COVID,331.84,
2023,jan,Food Away From Home,345.677,National,Post-COVID,359.06,
2024,jan,Food Away From Home,363.249,National,Post-COVID,377.31,
2025,jan,Food Away From Home,375.532,National,Post-COVID,390.07,
2015,jan,Energy,192.619,National,Pre-COVID,284.08,
2016,jan,Energy,180.171,National,Pre-COVID,265.72,
2017,jan,Energy,199.608,National,Pre-COVID,294.39,
2018,jan,Energy,210.663,National,Pre-COVID,310.7,
2019,jan,Energy,200.563,National,Pre-COVID,295.8,
2020,jan,Energy,213.043,National,Post-COVID,314.21,
2021,jan,Energy,205.273,National,Post-COVID,302.75,
2022,jan,Energy,260.653,National,Post-COVID,384.42,
2023,jan,Energy,283.33,National,Post-COVID,417.87,
2024,jan,Energy,270.42,National,Post-COVID,398.83,
2025,jan,Energy,273.045,National,Post-COVID,402.7,
2015,jan,Shelter,274.589,National,Pre-COVID,1429.0,
2016,jan,Shelter,283.498,National,Pre-COVID,1475.36,
2017,jan,Shelter,293.56,National,Pre-COVID,1527.73,
2018,jan,Shelter,302.928,National,Pre-COVID,1576.48,
2019,jan,Shelter,312.696,National,Pre-COVID,1627.31,
2020,jan,Shelter,323.053,National,Post-COVID,1681.21,
2021,jan,Shelter,328.282,National,Post-COVID,1708.43,
2022,jan,Shelter,342.604,National,Post-COVID,1782.96,
2023,jan,Shelter,369.585,National,Post-COVID,1923.37,
2024,jan,Shelter,391.896,National,Post-COVID,2039.48,
2025,jan,Shelter,409.153,National,Post-COVID,2129.29,
2015,jan,Medical Care,440.969,National,Pre-COVID,414.0,
2016,jan,Medical Care,454.175,National,Pre-COVID,426.4,
2017,jan,Medical Care,471.7,National,Pre-COVID,442.85,
2018,jan,Medical Care,481.06,National,Pre-COVID,451.64,
2019,jan,Medical Care,490.204,National,Pre-COVID,460.22,
2020,jan,Medical Care,512.149,National,Post-COVID,480.83,
2021,jan,Medical Care,522.133,National,Post-COVID,490.2,
2022,jan,Medical Care,535.048,National,Post-COVID,502.33,
2023,jan,Medical Care,551.422,National,Post-COVID,517.7,
2024,jan,Medical Care,557.215,National,Post-COVID,523.14,
2025,jan,Medical Care,571.899,National,Post-COVID,536.92,
2015,feb,Food at Home,246.269,National,Pre-COVID,334.58,
2016,feb,Food at Home,248.459,National,Pre-COVID,337.56,
2017,feb,Food at Home,248.595,National,Pre-COVID,337.74,
2018,feb,Food at Home,252.076,National,Pre-COVID,342.47,
2019,feb,Food at Home,256.997,National,Pre-COVID,349.16,
2020,feb,Food at Home,261.487,National,Post-COVID,355.26,
2021,feb,Food at Home,270.672,National,Post-COVID,367.74,
2022,feb,Food at Home,291.244,National,Post-COVID,395.69,
2023,feb,Food at Home,318.05,National,Post-COVID,432.11,
2024,feb,Food at Home,325.19,National,Post-COVID,441.81,
2025,feb,Food at Home,333.498,National,Post-COVID,453.09,
2015,feb,Food Away From Home,253.719,National,Pre-COVID,262.83,
2016,feb,Food Away From Home,260.319,National,Pre-COVID,269.67,
2017,feb,Food Away From Home,266.626,National,Pre-COVID,276.2,
2018,feb,Food Away From Home,273.435,National,Pre-COVID,283.26,
2019,feb,Food Away From Home,281.373,National,Pre-COVID,291.48,
2020,feb,Food Away From Home,289.781,National,Post-COVID,300.19,
2021,feb,Food Away From Home,300.54,National,Post-COVID,311.34,
2022,feb,Food Away From Home,320.88,National,Post-COVID,332.41,
2023,feb,Food Away From Home,347.869,National,Post-COVID,360.37,
2024,feb,Food Away From Home,363.596,National,Post-COVID,376.66,
2025,feb,Food Away From Home,376.991,National,Post-COVID,390.53,
2015,feb,Energy,196.597,National,Pre-COVID,284.08,
2016,feb,Energy,172.061,National,Pre-COVID,248.63,
2017,feb,Energy,198.195,National,Pre-COVID,286.39,
2018,feb,Energy,213.519,National,Pre-COVID,308.54,
2019,feb,Energy,202.74,National,Pre-COVID,292.96,
2020,feb,Energy,208.354,National,Post-COVID,301.07,
2021,feb,Energy,213.277,National,Post-COVID,308.19,
2022,feb,Energy,267.771,National,Post-COVID,386.93,
2023,feb,Energy,281.673,National,Post-COVID,407.02,
2024,feb,Energy,276.331,National,Post-COVID,399.3,
2025,feb,Energy,275.867,National,Post-COVID,398.63,
2015,feb,Shelter,275.39,National,Pre-COVID,1429.0,
2016,feb,Shelter,284.435,National,Pre-COVID,1475.93,
2017,feb,Shelter,294.444,National,Pre-COVID,1527.87,
2018,feb,Shelter,303.653,National,Pre-COVID,1575.66,
2019,feb,Shelter,313.88,National,Pre-COVID,1628.72,
2020,feb,Shelter,324.254,National,Post-COVID,1682.56,
2021,feb,Shelter,329.005,National,Post-COVID,1707.21,
2022,feb,Shelter,344.607,National,Post-COVID,1788.17,
2023,feb,Shelter,372.51,National,Post-COVID,1932.96,
2024,feb,Shelter,393.906,National,Post-COVID,2043.98,
2025,feb,Shelter,410.635,National,Post-COVID,2130.79,
2015,feb,Medical Care,442.783,National,Pre-COVID,414.0,
2016,feb,Medical Care,458.295,National,Pre-COVID,428.5,
2017,feb,Medical Care,474.546,National,Pre-COVID,443.7,
2018,feb,Medical Care,482.897,National,Pre-COVID,451.51,
2019,feb,Medical Care,491.227,National,Pre-COVID,459.29,
2020,feb,Medical Care,513.923,National,Post-COVID,480.52,
2021,feb,Medical Care,524.207,National,Post-COVID,490.13,
2022,feb,Medical Care,536.932,National,Post-COVID,502.03,
2023,feb,Medical Care,549.487,National,Post-COVID,513.77,
2024,feb,Medical Care,557.236,National,Post-COVID,521.01,
2025,feb,Medical Care,573.32,National,Post-COVID,536.05,
2015,mar,Food at Home,245.689,National,Pre-COVID,334.58,
2016,mar,Food at Home,247.677,National,Pre-COVID,337.29,
2017,mar,Food at Home,248.967,National,Pre-COVID,339.05,
2018,mar,Food at Home,252.182,National,Pre-COVID,343.43,
2019,mar,Food at Home,257.43,National,Pre-COVID,350.57,
2020,mar,Food at Home,262.32,National,Post-COVID,357.23,
2021,mar,Food at Home,271.135,National,Post-COVID,369.24,
2022,mar,Food at Home,294.064,National,Post-COVID,400.46,
2023,mar,Food at Home,318.338,National,Post-COVID,433.52,
2024,mar,Food at Home,325.491,National,Post-COVID,443.26,
2025,mar,Food at Home,334.92,National,Post-COVID,456.1,
2015,mar,Food Away From Home,254.108,National,Pre-COVID,262.83,
2016,mar,Food Away From Home,260.883,National,Pre-COVID,269.84,
2017,mar,Food Away From Home,267.055,National,Pre-COVID,276.22,
2018,mar,Food Away From Home,273.733,National,Pre-COVID,283.13,
2019,mar,Food Away From Home,281.887,National,Pre-COVID,291.57,
2020,mar,Food Away From Home,290.216,National,Post-COVID,300.18,
2021,mar,Food Away From Home,300.897,National,Post-COVID,311.23,
2022,mar,Food Away From Home,321.689,National,Post-COVID,332.73,
2023,mar,Food Away From Home,349.944,National,Post-COVID,361.96,
2024,mar,Food Away From Home,364.546,National,Post-COVID,377.06,
2025,mar,Food Away From Home,378.363,National,Post-COVID,391.35,
2015,mar,Energy,204.731,National,Pre-COVID,284.08,
2016,mar,Energy,179.017,National,Pre-COVID,248.4,
2017,mar,Energy,198.597,National,Pre-COVID,275.57,
2018,mar,Energy,212.554,National,Pre-COVID,294.94,
2019,mar,Energy,211.724,National,Pre-COVID,293.79,
2020,mar,Energy,199.573,National,Post-COVID,276.93,
2021,mar,Energy,225.861,National,Post-COVID,313.4,
2022,mar,Energy,298.246,National,Post-COVID,413.84,
2023,mar,Energy,279.084,National,Post-COVID,387.26,
2024,mar,Energy,285.002,National,Post-COVID,395.47,
2025,mar,Energy,275.734,National,Post-COVID,382.61,
2015,mar,Shelter,276.36,National,Pre-COVID,1429.0,
2016,mar,Shelter,285.196,National,Pre-COVID,1474.69,
2017,mar,Shelter,295.044,National,Pre-COVID,1525.61,
2018,mar,Shelter,304.847,National,Pre-COVID,1576.3,
2019,mar,Shelter,315.135,National,Pre-COVID,1629.5,
2020,mar,Shelter,324.615,National,Post-COVID,1678.52,
2021,mar,Shelter,330.122,National,Post-COVID,1706.99,
2022,mar,Shelter,346.618,National,Post-COVID,1792.29,
2023,mar,Shelter,374.971,National,Post-COVID,1938.9,
2024,mar,Shelter,396.174,National,Post-COVID,2048.53,
2025,mar,Shelter,411.99,National,Post-COVID,2130.31,
2015,mar,Medical Care,444.02,National,Pre-COVID,414.0,
2016,mar,Medical Care,458.62,National,Pre-COVID,427.61,
2017,mar,Medical Care,474.561,National,Pre-COVID,442.48,
2018,mar,Medical Care,483.984,National,Pre-COVID,451.26,
2019,mar,Medical Care,492.306,National,Pre-COVID,459.02,
2020,mar,Medical Care,515.605,National,Post-COVID,480.75,
2021,mar,Medical Care,524.734,National,Post-COVID,489.26,
2022,mar,Medical Care,539.739,National,Post-COVID,503.25,
2023,mar,Medical Care,547.805,National,Post-COVID,510.77,
2024,mar,Medical Care,559.935,National,Post-COVID,522.08,
2025,mar,Medical Care,574.739,National,Post-COVID,535.88,
2015,apr,Food at Home,245.746,National,Pre-COVID,334.58,
2016,apr,Food at Home,248.095,National,Pre-COVID,337.78,
2017,apr,Food at Home,249.538,National,Pre-COVID,339.75,
2018,apr,Food at Home,252.999,National,Pre-COVID,344.46,
2019,apr,Food at Home,257.393,National,Pre-COVID,350.44,
2020,apr,Food at Home,266.137,National,Post-COVID,362.35,
2021,apr,Food at Home,272.367,National,Post-COVID,370.83,
2022,apr,Food at Home,296.915,National,Post-COVID,404.25,
2023,apr,Food at Home,319.085,National,Post-COVID,434.43,
2024,apr,Food at Home,326.107,National,Post-COVID,443.99,
2025,apr,Food at Home,334.918,National,Post-COVID,455.99,
2015,apr,Food Away From Home,254.727,National,Pre-COVID,262.83,
2016,apr,Food Away From Home,261.517,National,Pre-COVID,269.84,
2017,apr,Food Away From Home,267.652,National,Pre-COVID,276.17,
2018,apr,Food Away From Home,274.393,National,Pre-COVID,283.13,
2019,apr,Food Away From Home,282.798,National,Pre-COVID,291.8,
2020,apr,Food Away From Home,290.639,National,Post-COVID,299.89,
2021,apr,Food Away From Home,301.819,National,Post-COVID,311.42,
2022,apr,Food Away From Home,323.559,National,Post-COVID,333.86,
2023,apr,Food Away From Home,351.237,National,Post-COVID,362.41,
2024,apr,Food Away From Home,365.813,National,Post-COVID,377.45,
2025,apr,Food Away From Home,380.039,National,Post-COVID,392.13,
2015,apr,Energy,203.715,National,Pre-COVID,284.08,
2016,apr,Energy,185.652,National,Pre-COVID,258.89,
2017,apr,Energy,202.869,National,Pre-COVID,282.9,
2018,apr,Energy,218.83,National,Pre-COVID,305.16,
2019,apr,Energy,222.499,National,Pre-COVID,310.28,
2020,apr,Energy,183.081,National,Post-COVID,255.31,
2021,apr,Energy,229.116,National,Post-COVID,319.51,
2022,apr,Energy,298.469,National,Post-COVID,416.22,
2023,apr,Energy,283.352,National,Post-COVID,395.14,
2024,apr,Energy,290.76,National,Post-COVID,405.47,
2025,apr,Energy,279.888,National,Post-COVID,390.31,
2015,apr,Shelter,276.978,National,Pre-COVID,1429.0,
2016,apr,Shelter,285.836,National,Pre-COVID,1474.7,
2017,apr,Shelter,295.706,National,Pre-COVID,1525.62,
2018,apr,Shelter,305.716,National,Pre-COVID,1577.27,
2019,apr,Shelter,316.263,National,Pre-COVID,1631.68,
2020,apr,Shelter,324.522,National,Post-COVID,1674.29,
2021,apr,Shelter,331.354,National,Post-COVID,1709.54,
2022,apr,Shelter,348.389,National,Post-COVID,1797.43,
2023,apr,Shelter,376.636,National,Post-COVID,1943.16,
2024,apr,Shelter,397.539,National,Post-COVID,2051.0,
2025,apr,Shelter,413.389,National,Post-COVID,2132.78,
2015,apr,Medical Care,446.663,National,Pre-COVID,414.0,
2016,apr,Medical Care,459.994,National,Pre-COVID,426.36,
2017,apr,Medical Care,473.582,National,Pre-COVID,438.95,
2018,apr,Medical Care,484.034,National,Pre-COVID,448.64,
2019,apr,Medical Care,493.331,National,Pre-COVID,457.26,
2020,apr,Medical Care,517.053,National,Post-COVID,479.24,
2021,apr,Medical Care,524.585,National,Post-COVID,486.22,
2022,apr,Medical Care,541.515,National,Post-COVID,501.92,
2023,apr,Medical Care,547.219,National,Post-COVID,507.2,
2024,apr,Medical Care,561.612,National,Post-COVID,520.54,
2025,apr,Medical Care,576.988,National,Post-COVID,534.79,
2015,may,Food at Home,245.846,National,Pre-COVID,334.58,
2016,may,Food at Home,247.58,National,Pre-COVID,336.94,
2017,may,Food at Home,249.749,National,Pre-COVID,339.9,
2018,may,Food at Home,252.848,National,Pre-COVID,344.11,
2019,may,Food at Home,257.791,National,Pre-COVID,350.84,
2020,may,Food at Home,267.792,National,Post-COVID,364.45,
2021,may,Food at Home,273.441,National,Post-COVID,372.14,
2022,may,Food at Home,300.081,National,Post-COVID,408.39,
2023,may,Food at Home,319.811,National,Post-COVID,435.25,
2024,may,Food at Home,326.545,National,Post-COVID,444.41,
2025,may,Food at Home,335.687,National,Post-COVID,456.85,
2015,may,Food Away From Home,255.322,National,Pre-COVID,262.83,
2016,may,Food Away From Home,262.074,National,Pre-COVID,269.78,
2017,may,Food Away From Home,268.128,National,Pre-COVID,276.02,
2018,may,Food Away From Home,275.307,National,Pre-COVID,283.41,
2019,may,Food Away From Home,283.394,National,Pre-COVID,291.73,
2020,may,Food Away From Home,291.709,National,Post-COVID,300.29,
2021,may,Food Away From Home,303.481,National,Post-COVID,312.41,
2022,may,Food Away From Home,325.952,National,Post-COVID,335.54,
2023,may,Food Away From Home,352.892,National,Post-COVID,363.27,
2024,may,Food Away From Home,367.099,National,Post-COVID,377.9,
2025,may,Food Away From Home,381.228,National,Post-COVID,392.44,
2015,may,Energy,214.33,National,Pre-COVID,284.08,
2016,may,Energy,192.673,National,Pre-COVID,255.38,
2017,may,Energy,203.132,National,Pre-COVID,269.24,
2018,may,Energy,226.81,National,Pre-COVID,300.62,
2019,may,Energy,225.773,National,Pre-COVID,299.25,
2020,may,Energy,183.076,National,Post-COVID,242.66,
2021,may,Energy,235.339,National,Post-COVID,311.93,
2022,may,Energy,316.761,National,Post-COVID,419.85,
2023,may,Energy,279.816,National,Post-COVID,370.88,
2024,may,Energy,290.139,National,Post-COVID,384.56,
2025,may,Energy,280.097,National,Post-COVID,371.25,
2015,may,Shelter,277.563,National,Pre-COVID,1429.0,
2016,may,Shelter,286.924,National,Pre-COVID,1477.19,
2017,may,Shelter,296.503,National,Pre-COVID,1526.51,
2018,may,Shelter,306.913,National,Pre-COVID,1580.1,
2019,may,Shelter,317.188,National,Pre-COVID,1633.0,
2020,may,Shelter,325.265,National,Post-COVID,1674.59,
2021,may,Shelter,332.454,National,Post-COVID,1711.6,
2022,may,Shelter,350.58,National,Post-COVID,1804.92,
2023,may,Shelter,378.776,National,Post-COVID,1950.08,
2024,may,Shelter,399.274,National,Post-COVID,2055.61,
2025,may,Shelter,414.689,National,Post-COVID,2134.98,
2015,may,Medical Care,447.213,National,Pre-COVID,414.0,
2016,may,Medical Care,461.23,National,Pre-COVID,426.98,
2017,may,Medical Care,473.512,National,Pre-COVID,438.35,
2018,may,Medical Care,484.853,National,Pre-COVID,448.84,
2019,may,Medical Care,494.928,National,Pre-COVID,458.17,
2020,may,Medical Care,519.194,National,Post-COVID,480.64,
2021,may,Medical Care,523.918,National,Post-COVID,485.01,
2022,may,Medical Care,543.488,National,Post-COVID,503.12,
2023,may,Medical Care,547.42,National,Post-COVID,506.76,
2024,may,Medical Care,564.249,National,Post-COVID,522.34,
2025,may,Medical Care,578.25,National,Post-COVID,535.31,
2015,jun,Food at Home,246.245,National,Pre-COVID,334.58,
2016,jun,Food at Home,247.207,National,Pre-COVID,335.89,
2017,jun,Food at Home,249.398,National,Pre-COVID,338.87,
2018,jun,Food at Home,253.022,National,Pre-COVID,343.79,
2019,jun,Food at Home,257.778,National,Pre-COVID,350.25,
2020,jun,Food at Home,269.051,National,Post-COVID,365.57,
2021,jun,Food at Home,275.38,National,Post-COVID,374.17,
2022,jun,Food at Home,302.967,National,Post-COVID,411.65,
2023,jun,Food at Home,320.12,National,Post-COVID,434.96,
2024,jun,Food at Home,327.144,National,Post-COVID,444.5,
2025,jun,Food at Home,336.555,National,Post-COVID,457.29,
2015,jun,Food Away From Home,255.846,National,Pre-COVID,262.83,
2016,jun,Food Away From Home,262.529,National,Pre-COVID,269.7,
2017,jun,Food Away From Home,268.225,National,Pre-COVID,275.55,
2018,jun,Food Away From Home,275.808,National,Pre-COVID,283.34,
2019,jun,Food Away From Home,284.316,National,Pre-COVID,292.08,
2020,jun,Food Away From Home,293.219,National,Post-COVID,301.23,
2021,jun,Food Away From Home,305.634,National,Post-COVID,313.98,
2022,jun,Food Away From Home,329.033,National,Post-COVID,338.02,
2023,jun,Food Away From Home,354.245,National,Post-COVID,363.92,
2024,jun,Food Away From Home,368.616,National,Post-COVID,378.68,
2025,jun,Food Away From Home,382.75,National,Post-COVID,393.2,
2015,jun,Energy,220.861,National,Pre-COVID,284.08,
2016,jun,Energy,200.035,National,Pre-COVID,257.3,
2017,jun,Energy,204.646,National,Pre-COVID,263.23,
2018,jun,Energy,229.137,National,Pre-COVID,294.73,
2019,jun,Energy,221.373,National,Pre-COVID,284.74,
2020,jun,Energy,193.379,National,Post-COVID,248.73,
2021,jun,Energy,240.72,National,Post-COVID,309.63,
2022,jun,Energy,340.917,National,Post-COVID,438.51,
2023,jun,Energy,283.854,National,Post-COVID,365.11,
2024,jun,Energy,286.675,National,Post-COVID,368.74,
2025,jun,Energy,284.307,National,Post-COVID,365.69,
2015,jun,Shelter,278.461,National,Pre-COVID,1429.0,
2016,jun,Shelter,288.069,National,Pre-COVID,1478.31,
2017,jun,Shelter,297.446,National,Pre-COVID,1526.43,
2018,jun,Shelter,307.521,National,Pre-COVID,1578.13,
2019,jun,Shelter,318.3,National,Pre-COVID,1633.44,
2020,jun,Shelter,325.814,National,Post-COVID,1672.01,
2021,jun,Shelter,334.222,National,Post-COVID,1715.15,
2022,jun,Shelter,352.967,National,Post-COVID,1811.35,
2023,jun,Shelter,380.594,National,Post-COVID,1953.12,
2024,jun,Shelter,400.234,National,Post-COVID,2053.91,
2025,jun,Shelter,415.455,National,Post-COVID,2132.02,
2015,jun,Medical Care,446.271,National,Pre-COVID,414.0,
2016,jun,Medical Care,462.075,National,Pre-COVID,428.66,
2017,jun,Medical Care,474.36,National,Pre-COVID,440.06,
2018,jun,Medical Care,486.019,National,Pre-COVID,450.87,
2019,jun,Medical Care,495.563,National,Pre-COVID,459.73,
2020,jun,Medical Care,520.734,National,Post-COVID,483.08,
2021,jun,Medical Care,522.989,National,Post-COVID,485.17,
2022,jun,Medical Care,546.717,National,Post-COVID,507.18,
2023,jun,Medical Care,547.432,National,Post-COVID,507.85,
2024,jun,Medical Care,565.301,National,Post-COVID,524.42,
2025,jun,Medical Care,580.978,National,Post-COVID,538.97,
2015,jul,Food at Home,246.558,National,Pre-COVID,334.58,
2016,jul,Food at Home,247.267,National,Pre-COVID,335.55,
2017,jul,Food at Home,249.93,National,Pre-COVID,339.16,
2018,jul,Food at Home,253.476,National,Pre-COVID,343.97,
2019,jul,Food at Home,258.015,National,Pre-COVID,350.13,
2020,jul,Food at Home,268.132,National,Post-COVID,363.86,
2021,jul,Food at Home,277.187,National,Post-COVID,376.15,
2022,jul,Food at Home,306.278,National,Post-COVID,415.62,
2023,jul,Food at Home,321.02,National,Post-COVID,435.63,
2024,jul,Food at Home,327.956,National,Post-COVID,445.04,
2025,jul,Food at Home,337.077,National,Post-COVID,457.42,
2015,jul,Food Away From Home,255.905,National,Pre-COVID,262.83,
2016,jul,Food Away From Home,263.051,National,Pre-COVID,270.17,
2017,jul,Food Away From Home,268.649,National,Pre-COVID,275.92,
2018,jul,Food Away From Home,276.125,National,Pre-COVID,283.6,
2019,jul,Food Away From Home,284.891,National,Pre-COVID,292.6,
2020,jul,Food Away From Home,294.599,National,Post-COVID,302.57,
2021,jul,Food Away From Home,308.023,National,Post-COVID,316.36,
2022,jul,Food Away From Home,331.342,National,Post-COVID,340.31,
2023,jul,Food Away From Home,354.862,National,Post-COVID,364.47,
2024,jul,Food Away From Home,369.383,National,Post-COVID,379.38,
2025,jul,Food Away From Home,383.808,National,Post-COVID,394.2,
2015,jul,Energy,219.852,National,Pre-COVID,284.08,
2016,jul,Energy,195.94,National,Pre-COVID,253.19,
2017,jul,Energy,202.554,National,Pre-COVID,261.73,
2018,jul,Energy,227.107,National,Pre-COVID,293.46,
2019,jul,Energy,222.492,National,Pre-COVID,287.49,
2020,jul,Energy,197.665,National,Post-COVID,255.41,
2021,jul,Energy,244.8,National,Post-COVID,316.32,
2022,jul,Energy,325.407,National,Post-COVID,420.48,
2023,jul,Energy,284.828,National,Post-COVID,368.04,
2024,jul,Energy,287.868,National,Post-COVID,371.97,
2025,jul,Energy,283.395,National,Post-COVID,366.19,
2015,jul,Shelter,279.559,National,Pre-COVID,1429.0,
2016,jul,Shelter,288.78,National,Pre-COVID,1476.13,
2017,jul,Shelter,297.919,National,Pre-COVID,1522.85,
2018,jul,Shelter,308.393,National,Pre-COVID,1576.39,
2019,jul,Shelter,319.136,National,Pre-COVID,1631.3,
2020,jul,Shelter,326.58,National,Post-COVID,1669.35,
2021,jul,Shelter,335.812,National,Post-COVID,1716.54,
2022,jul,Shelter,354.935,National,Post-COVID,1814.29,
2023,jul,Shelter,382.226,National,Post-COVID,1953.79,
2024,jul,Shelter,401.545,National,Post-COVID,2052.55,
2025,jul,Shelter,416.271,National,Post-COVID,2127.82,
2015,jul,Medical Care,446.773,National,Pre-COVID,414.0,
2016,jul,Medical Care,464.164,National,Pre-COVID,430.12,
2017,jul,Medical Care,476.126,National,Pre-COVID,441.2,
2018,jul,Medical Care,485.193,National,Pre-COVID,449.6,
2019,jul,Medical Care,497.687,National,Pre-COVID,461.18,
2020,jul,Medical Care,522.686,National,Post-COVID,484.34,
2021,jul,Medical Care,524.219,National,Post-COVID,485.76,
2022,jul,Medical Care,549.562,National,Post-COVID,509.25,
2023,jul,Medical Care,546.698,National,Post-COVID,506.6,
2024,jul,Medical Care,564.039,National,Post-COVID,522.66,
2025,jul,Medical Care,583.856,National,Post-COVID,541.03,
2015,aug,Food at Home,247.196,National,Pre-COVID,334.58,
2016,aug,Food at Home,247.42,National,Pre-COVID,334.89,
2017,aug,Food at Home,250.212,National,Pre-COVID,338.67,
2018,aug,Food at Home,253.779,National,Pre-COVID,343.49,
2019,aug,Food at Home,258.154,National,Pre-COVID,349.42,
2020,aug,Food at Home,268.383,National,Post-COVID,363.26,
2021,aug,Food at Home,278.201,National,Post-COVID,376.55,
2022,aug,Food at Home,308.55,National,Post-COVID,417.63,
2023,aug,Food at Home,321.578,National,Post-COVID,435.26,
2024,aug,Food at Home,328.156,National,Post-COVID,444.16,
2025,aug,Food at Home,338.366,National,Post-COVID,457.98,
2015,aug,Food Away From Home,256.449,National,Pre-COVID,262.83,
2016,aug,Food Away From Home,263.649,National,Pre-COVID,270.21,
2017,aug,Food Away From Home,269.522,National,Pre-COVID,276.23,
2018,aug,Food Away From Home,276.648,National,Pre-COVID,283.54,
2019,aug,Food Away From Home,285.507,National,Pre-COVID,292.61,
2020,aug,Food Away From Home,295.437,National,Post-COVID,302.79,
2021,aug,Food Away From Home,309.336,National,Post-COVID,317.04,
2022,aug,Food Away From Home,334.212,National,Post-COVID,342.53,
2023,aug,Food Away From Home,356.083,National,Post-COVID,364.95,
2024,aug,Food Away From Home,370.348,National,Post-COVID,379.57,
2025,aug,Food Away From Home,384.909,National,Post-COVID,394.49,
2015,aug,Energy,213.248,National,Pre-COVID,284.08,
2016,aug,Energy,193.524,National,Pre-COVID,257.81,
2017,aug,Energy,205.894,National,Pre-COVID,274.29,
2018,aug,Energy,226.939,National,Pre-COVID,302.32,
2019,aug,Energy,216.978,National,Pre-COVID,289.05,
2020,aug,Energy,197.362,National,Post-COVID,262.92,
2021,aug,Energy,246.639,National,Post-COVID,328.57,
2022,aug,Energy,305.372,National,Post-COVID,406.81,
2023,aug,Energy,294.328,National,Post-COVID,392.1,
2024,aug,Energy,282.614,National,Post-COVID,376.49,
2025,aug,Energy,283.247,National,Post-COVID,377.33,
2015,aug,Shelter,280.093,National,Pre-COVID,1429.0,
2016,aug,Shelter,289.605,National,Pre-COVID,1477.53,
2017,aug,Shelter,299.157,National,Pre-COVID,1526.26,
2018,aug,Shelter,309.296,National,Pre-COVID,1577.99,
2019,aug,Shelter,319.679,National,Pre-COVID,1630.96,
2020,aug,Shelter,326.997,National,Post-COVID,1668.3,
2021,aug,Shelter,336.284,National,Post-COVID,1715.68,
2022,aug,Shelter,357.264,National,Post-COVID,1822.72,
2023,aug,Shelter,383.221,National,Post-COVID,1955.15,
2024,aug,Shelter,403.257,National,Post-COVID,2057.37,
2025,aug,Shelter,417.902,National,Post-COVID,2132.08,
2015,aug,Medical Care,446.536,National,Pre-COVID,414.0,
2016,aug,Medical Care,468.379,National,Pre-COVID,434.25,
2017,aug,Medical Care,476.869,National,Pre-COVID,442.12,
2018,aug,Medical Care,484.172,National,Pre-COVID,448.89,
2019,aug,Medical Care,500.916,National,Pre-COVID,464.42,
2020,aug,Medical Care,523.295,National,Post-COVID,485.17,
2021,aug,Medical Care,525.247,National,Post-COVID,486.98,
2022,aug,Medical Care,553.429,National,Post-COVID,513.1,
2023,aug,Medical Care,548.082,National,Post-COVID,508.15,
2024,aug,Medical Care,564.407,National,Post-COVID,523.28,
2025,aug,Medical Care,583.875,National,Post-COVID,541.33,
2015,sep,Food at Home,248.09,National,Pre-COVID,334.58,
2016,sep,Food at Home,247.645,National,Pre-COVID,333.98,
2017,sep,Food at Home,250.735,National,Pre-COVID,338.15,
2018,sep,Food at Home,254.178,National,Pre-COVID,342.79,
2019,sep,Food at Home,258.646,National,Pre-COVID,348.82,
2020,sep,Food at Home,268.465,National,Post-COVID,362.06,
2021,sep,Food at Home,280.452,National,Post-COVID,378.23,
2022,sep,Food at Home,310.678,National,Post-COVID,418.99,
2023,sep,Food at Home,322.249,National,Post-COVID,434.6,
2024,sep,Food at Home,329.417,National,Post-COVID,444.26,
2025,sep,Food at Home,,National,Post-COVID,,
2015,sep,Food Away From Home,257.83,National,Pre-COVID,262.83,
2016,sep,Food Away From Home,264.102,National,Pre-COVID,269.23,
2017,sep,Food Away From Home,270.353,National,Pre-COVID,275.6,
2018,sep,Food Away From Home,277.258,National,Pre-COVID,282.64,
2019,sep,Food Away From Home,286.246,National,Pre-COVID,291.8,
2020,sep,Food Away From Home,297.08,National,Post-COVID,302.85,
2021,sep,Food Away From Home,310.996,National,Post-COVID,317.03,
2022,sep,Food Away From Home,337.369,National,Post-COVID,343.92,
2023,sep,Food Away From Home,357.488,National,Post-COVID,364.43,
2024,sep,Food Away From Home,371.604,National,Post-COVID,378.82,
2025,sep,Food Away From Home,,National,Post-COVID,,
2015,sep,Energy,201.641,National,Pre-COVID,284.08,
2016,sep,Energy,195.852,National,Pre-COVID,275.93,
2017,sep,Energy,215.711,National,Pre-COVID,303.91,
2018,sep,Energy,226.165,National,Pre-COVID,318.63,
2019,sep,Energy,215.418,National,Pre-COVID,303.49,
2020,sep,Energy,198.858,National,Post-COVID,280.16,
2021,sep,Energy,248.228,National,Post-COVID,349.72,
2022,sep,Energy,297.343,National,Post-COVID,418.91,
2023,sep,Energy,296.004,National,Post-COVID,417.03,
2024,sep,Energy,275.74,National,Post-COVID,388.48,
2025,sep,Energy,,National,Post-COVID,,
2015,sep,Shelter,280.814,National,Pre-COVID,1429.0,
2016,sep,Shelter,290.445,National,Pre-COVID,1478.01,
2017,sep,Shelter,299.844,National,Pre-COVID,1525.84,
2018,sep,Shelter,309.702,National,Pre-COVID,1576.0,
2019,sep,Shelter,320.569,National,Pre-COVID,1631.3,
2020,sep,Shelter,327.116,National,Post-COVID,1664.62,
2021,sep,Shelter,337.451,National,Post-COVID,1717.21,
2022,sep,Shelter,359.704,National,Post-COVID,1830.45,
2023,sep,Shelter,385.433,National,Post-COVID,1961.38,
2024,sep,Shelter,404.133,National,Post-COVID,2056.54,
2025,sep,Shelter,,National,Post-COVID,,
2015,sep,Medical Care,447.289,National,Pre-COVID,414.0,
2016,sep,Medical Care,469.154,National,Pre-COVID,434.24,
2017,sep,Medical Care,476.485,National,Pre-COVID,441.02,
2018,sep,Medical Care,484.708,National,Pre-COVID,448.63,
2019,sep,Medical Care,501.468,National,Pre-COVID,464.15,
2020,sep,Medical Care,522.528,National,Post-COVID,483.64,
2021,sep,Medical Care,524.818,National,Post-COVID,485.76,
2022,sep,Medical Care,556.323,National,Post-COVID,514.92,
2023,sep,Medical Care,548.431,National,Post-COVID,507.61,
2024,sep,Medical Care,566.266,National,Post-COVID,524.12,
2025,sep,Medical Care,,National,Post-COVID,,
2015,oct,Food at Home,248.575,National,Pre-COVID,334.58,
2016,oct,Food at Home,247.861,National,Pre-COVID,333.62,
2017,oct,Food at Home,251.13,National,Pre-COVID,338.02,
2018,oct,Food at Home,254.203,National,Pre-COVID,342.16,
2019,oct,Food at Home,259.284,National,Pre-COVID,349.0,
2020,oct,Food at Home,269.169,National,Post-COVID,362.3,
2021,oct,Food at Home,282.943,National,Post-COVID,380.84,
2022,oct,Food at Home,312.86,National,Post-COVID,421.11,
2023,oct,Food at Home,323.262,National,Post-COVID,435.11,
2024,oct,Food at Home,330.051,National,Post-COVID,444.25,
2025,oct,Food at Home,,National,Post-COVID,,
2015,oct,Food Away From Home,258.363,National,Pre-COVID,262.83,
2016,oct,Food Away From Home,264.459,National,Pre-COVID,269.03,
2017,oct,Food Away From Home,270.658,National,Pre-COVID,275.34,
2018,oct,Food Away From Home,277.513,National,Pre-COVID,282.31,
2019,oct,Food Away From Home,286.791,National,Pre-COVID,291.75,
2020,oct,Food Away From Home,297.893,National,Post-COVID,303.05,
2021,oct,Food Away From Home,313.592,National,Post-COVID,319.02,
2022,oct,Food Away From Home,340.532,National,Post-COVID,346.42,
2023,oct,Food Away From Home,358.824,National,Post-COVID,365.03,
2024,oct,Food Away From Home,372.486,National,Post-COVID,378.93,
2025,oct,Food Away From Home,,National,Post-COVID,,
2015,oct,Energy,194.501,National,Pre-COVID,284.08,
2016,oct,Energy,194.786,National,Pre-COVID,284.5,
2017,oct,Energy,207.29,National,Pre-COVID,302.76,
2018,oct,Energy,225.757,National,Pre-COVID,329.74,
2019,oct,Energy,216.351,National,Pre-COVID,316.0,
2020,oct,Energy,196.458,National,Post-COVID,286.94,
2021,oct,Energy,255.338,National,Post-COVID,372.94,
2022,oct,Energy,300.359,National,Post-COVID,438.7,
2023,oct,Energy,286.754,National,Post-COVID,418.83,
2024,oct,Energy,272.807,National,Post-COVID,398.46,
2025,oct,Energy,,National,Post-COVID,,
2015,oct,Shelter,281.499,National,Pre-COVID,1429.0,
2016,oct,Shelter,291.407,National,Pre-COVID,1479.3,
2017,oct,Shelter,300.846,National,Pre-COVID,1527.21,
2018,oct,Shelter,310.382,National,Pre-COVID,1575.62,
2019,oct,Shelter,320.762,National,Pre-COVID,1628.31,
2020,oct,Shelter,327.273,National,Post-COVID,1661.37,
2021,oct,Shelter,338.671,National,Post-COVID,1719.23,
2022,oct,Shelter,362.093,National,Post-COVID,1838.13,
2023,oct,Shelter,386.435,National,Post-COVID,1961.7,
2024,oct,Shelter,405.287,National,Post-COVID,2057.4,
2025,oct,Shelter,,National,Post-COVID,,
2015,oct,Medical Care,450.065,National,Pre-COVID,414.0,
2016,oct,Medical Care,469.23,National,Pre-COVID,431.63,
2017,oct,Medical Care,477.121,National,Pre-COVID,438.89,
2018,oct,Medical Care,485.269,National,Pre-COVID,446.38,
2019,oct,Medical Care,506.1,National,Pre-COVID,465.54,
2020,oct,Medical Care,520.725,National,Post-COVID,479.0,
2021,oct,Medical Care,527.564,National,Post-COVID,485.29,
2022,oct,Medical Care,554.043,National,Post-COVID,509.65,
2023,oct,Medical Care,549.762,National,Post-COVID,505.71,
2024,oct,Medical Care,567.87,National,Post-COVID,522.36,
2025,oct,Medical Care,,National,Post-COVID,,
2015,nov,Food at Home,247.87,National,Pre-COVID,334.58,
2016,nov,Food at Home,247.246,National,Pre-COVID,333.74,
2017,nov,Food at Home,250.694,National,Pre-COVID,338.4,
2018,nov,Food at Home,254.262,National,Pre-COVID,343.21,
2019,nov,Food at Home,259.08,National,Pre-COVID,349.71,
2020,nov,Food at Home,268.539,National,Post-COVID,362.48,
2021,nov,Food at Home,284.168,National,Post-COVID,383.58,
2022,nov,Food at Home,313.467,National,Post-COVID,423.13,
2023,nov,Food at Home,322.703,National,Post-COVID,435.6,
2024,nov,Food at Home,330.26,National,Post-COVID,445.8,
2025,nov,Food at Home,,National,Post-COVID,,
2015,nov,Food Away From Home,258.805,National,Pre-COVID,262.83,
2016,nov,Food Away From Home,264.699,National,Pre-COVID,268.82,
2017,nov,Food Away From Home,271.152,National,Pre-COVID,275.37,
2018,nov,Food Away From Home,278.306,National,Pre-COVID,282.64,
2019,nov,Food Away From Home,287.255,National,Pre-COVID,291.73,
2020,nov,Food Away From Home,298.253,National,Post-COVID,302.9,
2021,nov,Food Away From Home,315.481,National,Post-COVID,320.39,
2022,nov,Food Away From Home,342.266,National,Post-COVID,347.59,
2023,nov,Food Away From Home,360.383,National,Post-COVID,365.99,
2024,nov,Food Away From Home,373.53,National,Post-COVID,379.34,
2025,nov,Food Away From Home,,National,Post-COVID,,
2015,nov,Energy,189.267,National,Pre-COVID,284.08,
2016,nov,Energy,191.402,National,Pre-COVID,287.29,
2017,nov,Energy,209.383,National,Pre-COVID,314.28,
2018,nov,Energy,215.91,National,Pre-COVID,324.07,
2019,nov,Energy,214.636,National,Pre-COVID,322.16,
2020,nov,Energy,194.388,National,Post-COVID,291.77,
2021,nov,Energy,259.1,National,Post-COVID,388.9,
2022,nov,Energy,292.953,National,Post-COVID,439.71,
2023,nov,Energy,277.029,National,Post-COVID,415.81,
2024,nov,Energy,268.213,National,Post-COVID,402.58,
2025,nov,Energy,,National,Post-COVID,,
2015,nov,Shelter,281.932,National,Pre-COVID,1429.0,
2016,nov,Shelter,291.953,National,Pre-COVID,1479.79,
2017,nov,Shelter,301.185,National,Pre-COVID,1526.59,
2018,nov,Shelter,310.95,National,Pre-COVID,1576.08,
2019,nov,Shelter,321.267,National,Pre-COVID,1628.37,
2020,nov,Shelter,327.435,National,Post-COVID,1659.64,
2021,nov,Shelter,339.997,National,Post-COVID,1723.31,
2022,nov,Shelter,364.195,National,Post-COVID,1845.96,
2023,nov,Shelter,387.892,National,Post-COVID,1966.07,
2024,nov,Shelter,406.25,National,Post-COVID,2059.12,
2025,nov,Shelter,,National,Post-COVID,,
2015,nov,Medical Care,451.371,National,Pre-COVID,414.0,
2016,nov,Medical Care,469.333,National,Pre-COVID,430.47,
2017,nov,Medical Care,477.198,National,Pre-COVID,437.69,
2018,nov,Medical Care,486.886,National,Pre-COVID,446.57,
2019,nov,Medical Care,507.541,National,Pre-COVID,465.52,
2020,nov,Medical Care,519.848,National,Post-COVID,476.81,
2021,nov,Medical Care,528.877,National,Post-COVID,485.09,
2022,nov,Medical Care,550.844,National,Post-COVID,505.24,
2023,nov,Medical Care,551.769,National,Post-COVID,506.09,
2024,nov,Medical Care,568.773,National,Post-COVID,521.68,
2025,nov,Medical Care,,National,Post-COVID,,
2015,dec,Food at Home,247.468,National,Pre-COVID,334.58,
2016,dec,Food at Home,247.134,National,Pre-COVID,334.13,
2017,dec,Food at Home,251.024,National,Pre-COVID,339.39,
2018,dec,Food at Home,255.023,National,Pre-COVID,344.8,
2019,dec,Food at Home,259.403,National,Pre-COVID,350.72,
2020,dec,Food at Home,269.383,National,Post-COVID,364.21,
2021,dec,Food at Home,285.556,National,Post-COVID,386.08,
2022,dec,Food at Home,314.459,National,Post-COVID,425.16,
2023,dec,Food at Home,322.933,National,Post-COVID,436.61,
2024,dec,Food at Home,330.812,National,Post-COVID,447.27,
2025,dec,Food at Home,,National,Post-COVID,,
2015,dec,Food Away From Home,259.097,National,Pre-COVID,262.83,
2016,dec,Food Away From Home,265.104,National,Pre-COVID,268.93,
2017,dec,Food Away From Home,271.811,National,Pre-COVID,275.73,
2018,dec,Food Away From Home,279.419,National,Pre-COVID,283.45,
2019,dec,Food Away From Home,288.078,National,Pre-COVID,292.23,
2020,dec,Food Away From Home,299.369,National,Post-COVID,303.69,
2021,dec,Food Away From Home,317.372,National,Post-COVID,321.95,
2022,dec,Food Away From Home,343.559,National,Post-COVID,348.51,
2023,dec,Food Away From Home,361.564,National,Post-COVID,366.78,
2024,dec,Food Away From Home,374.644,National,Post-COVID,380.05,
2025,dec,Food Away From Home,,National,Post-COVID,,
2015,dec,Energy,183.378,National,Pre-COVID,284.08,
2016,dec,Energy,193.306,National,Pre-COVID,299.46,
2017,dec,Energy,206.598,National,Pre-COVID,320.06,
2018,dec,Energy,205.905,National,Pre-COVID,318.98,
2019,dec,Energy,212.982,National,Pre-COVID,329.94,
2020,dec,Energy,198.155,National,Post-COVID,306.98,
2021,dec,Energy,256.207,National,Post-COVID,396.91,
2022,dec,Energy,274.937,National,Post-COVID,425.92,
2023,dec,Energy,269.375,National,Post-COVID,417.31,
2024,dec,Energy,267.963,National,Post-COVID,415.12,
2025,dec,Energy,,National,Post-COVID,,
2015,dec,Shelter,282.394,National,Pre-COVID,1429.0,
2016,dec,Shelter,292.612,National,Pre-COVID,1480.71,
2017,dec,Shelter,301.985,National,Pre-COVID,1528.14,
2018,dec,Shelter,311.652,National,Pre-COVID,1577.05,
2019,dec,Shelter,321.766,National,Pre-COVID,1628.23,
2020,dec,Shelter,327.702,National,Post-COVID,1658.27,
2021,dec,Shelter,341.241,National,Post-COVID,1726.78,
2022,dec,Shelter,366.868,National,Post-COVID,1856.46,
2023,dec,Shelter,389.433,National,Post-COVID,1970.65,
2024,dec,Shelter,407.242,National,Post-COVID,2060.77,
2025,dec,Shelter,,National,Post-COVID,,
2015,dec,Medical Care,451.072,National,Pre-COVID,414.0,
2016,dec,Medical Care,469.447,National,Pre-COVID,430.86,
2017,dec,Medical Care,477.802,National,Pre-COVID,438.53,
2018,dec,Medical Care,487.409,National,Pre-COVID,447.35,
2019,dec,Medical Care,509.689,National,Pre-COVID,467.8,
2020,dec,Medical Care,518.766,National,Post-COVID,476.13,
2021,dec,Medical Care,530.026,National,Post-COVID,486.47,
2022,dec,Medical Care,551.002,National,Post-COVID,505.72,
2023,dec,Medical Care,553.485,National,Post-COVID,508.0,
2024,dec,Medical Care,569.189,National,Post-COVID,522.41,
2025,dec,Medical Care,,National,Post-COVID,,
